Employee_ID,First_Name,Last_Name,Gender,Age,Department,Job_Title,Education,Experience_Years,City,State,Joining_Date,Employment_Type,Salary,Bonus,Performance_Rating,Training_Hours,Overtime_Hours,Leave_Days,Marital_Status,Work_Mode,Manager,Promotion,Attrition,Satisfaction_Score
EMP0001,Vihaan,Patel,Female,36,Sales,Sales Executive,Master,8,Jaipur,Rajasthan,14-12-11,Permanent,534000,17929,2,29,32,19,Single,Remote,Sneha Joshi,No,Yes,9
EMP0002,Ananya,Nair,Female,21,Finance,Finance Analyst,Bachelor,0,Surat,Gujarat,20-07-17,Permanent,300000,12482,3,77,16,25,Single,Remote,Vikas Singh,No,No,8
EMP0003,Vihaan,Chopra,Female,26,Logistics,Warehouse Manager,Bachelor,5,Pune,Maharashtra,11-01-11,Permanent,463000,68629,2,12,24,8,Married,Remote,Priya Nair,No,No,3
EMP0004,Neha,Singh,Female,25,Finance,Finance Manager,Bachelor,4,Delhi,Delhi,06-07-18,Permanent,474000,53363,2,41,53,24,Single,Office,Sneha Joshi,No,No,6
EMP0005,Diya,Sharma,Male,57,Production,Production Supervisor,Bachelor,13,Delhi,Delhi,16-03-13,Permanent,737000,87997,5,33,47,18,Married,Remote,Rakesh Kumar,Yes,No,4
EMP0006,Karan,Nair,Male,24,IT,Senior Developer,Master,3,Chennai,Tamil Nadu,18-05-23,Permanent,405000,41110,4,67,16,17,Single,Remote,Deepa Mehta,No,No,2
EMP0007,Meera,Jain,Female,42,IT,Data Analyst,Bachelor,18,Mumbai,Maharashtra,13-03-26,Contract,915000,134163,2,64,58,3,Married,Remote,Rakesh Kumar,No,No,4
EMP0008,Neha,Jain,Male,55,Logistics,Warehouse Manager,Bachelor,0,Pune,Maharashtra,21-02-18,Contract,290000,17033,2,72,60,2,Single,Remote,Vikas Singh,No,No,2
EMP0009,Arjun,Gupta,Female,56,Finance,Finance Manager,MBA,16,Chennai,Tamil Nadu,02-10-14,Contract,909000,106891,2,39,25,21,Married,Hybrid,Anil Shah,No,No,8
EMP0010,Ananya,Singh,Male,42,HR,HR Executive,Bachelor,21,Mumbai,Maharashtra,05-08-11,Permanent,993000,57071,1,42,4,16,Single,Hybrid,Vikas Singh,No,No,4
EMP0011,Arjun,Kapoor,Female,36,Purchase,Purchase Executive,Diploma,15,Chennai,Tamil Nadu,12-12-17,Permanent,836000,111740,1,12,3,12,Married,Office,Vikas Singh,No,Yes,4
EMP0012,Sneha,Gupta,Female,32,Marketing,Marketing Executive,MBA,11,Pune,Maharashtra,10-12-19,Contract,707000,29517,5,1,5,29,Single,Office,Rakesh Kumar,Yes,No,8
EMP0013,Rahul,Chopra,Male,31,Quality,QA Manager,Bachelor,0,Delhi,Delhi,25-05-16,Permanent,346000,51710,5,62,9,6,Married,Office,Vikas Singh,No,No,1
EMP0014,Meera,Patel,Female,24,HR,HR Executive,Diploma,3,Jaipur,Rajasthan,19-10-11,Contract,364000,36911,2,51,7,30,Single,Remote,Anil Shah,No,No,10
EMP0015,Amit,Das,Female,37,Sales,Sales Executive,Bachelor,16,Ahmedabad,Gujarat,24-01-25,Permanent,870000,59109,1,1,29,19,Single,Office,Priya Nair,No,No,9
EMP0016,Arjun,Chopra,Female,25,Sales,Sales Manager,Bachelor,4,Jaipur,Rajasthan,12-10-25,Permanent,476000,44493,5,38,59,21,Single,Office,Deepa Mehta,Yes,No,2
EMP0017,Meera,Gupta,Female,39,Sales,Sales Executive,Master,18,Bengaluru,Karnataka,03-05-21,Permanent,887000,36434,4,35,2,0,Married,Office,Rakesh Kumar,No,No,5
EMP0018,Sneha,Iyer,Female,56,HR,HR Executive,MBA,7,Ahmedabad,Gujarat,28-03-22,Permanent,543000,54246,2,55,8,1,Married,Hybrid,Priya Nair,No,No,1
EMP0019,Ishaan,Das,Male,27,Production,Production Supervisor,PhD,6,Ahmedabad,Gujarat,24-04-15,Contract,483000,65577,1,22,47,29,Married,Hybrid,Priya Nair,No,No,4
EMP0020,Sai,Jain,Male,45,HR,HR Executive,Bachelor,24,Delhi,Delhi,04-11-17,Permanent,1120000,63561,2,51,21,8,Single,Hybrid,Sneha Joshi,No,No,9
EMP0021,Meera,Joshi,Male,28,Marketing,Marketing Manager,Diploma,7,Indore,Madhya Pradesh,30-09-19,Permanent,536000,44149,5,14,24,28,Single,Hybrid,Anil Shah,Yes,No,7
EMP0022,Karan,Chopra,Male,44,Quality,QA Manager,Master,4,Pune,Maharashtra,22-02-26,Contract,456000,30604,4,41,25,22,Married,Remote,Deepa Mehta,Yes,No,7
EMP0023,Rahul,Das,Male,60,Marketing,Marketing Executive,Bachelor,25,Surat,Gujarat,23-08-19,Contract,1205000,130820,4,56,28,21,Single,Remote,Deepa Mehta,Yes,No,3
EMP0024,Aditya,Verma,Female,26,Sales,Sales Executive,MBA,5,Ahmedabad,Gujarat,20-07-10,Permanent,487000,50333,1,58,26,28,Single,Remote,Sneha Joshi,No,No,8
EMP0025,Ananya,Gupta,Male,27,Quality,Quality Engineer,MBA,6,Jaipur,Rajasthan,02-06-20,Permanent,493000,69068,1,58,8,25,Married,Remote,Vikas Singh,No,No,9
EMP0026,Priya,Jain,Female,60,Logistics,Warehouse Manager,MBA,27,Delhi,Delhi,04-02-20,Permanent,1227000,160471,3,66,31,20,Single,Hybrid,Anil Shah,No,No,8
EMP0027,Aisha,Singh,Female,42,Production,Production Engineer,Diploma,21,Surat,Gujarat,04-08-18,Permanent,1078000,60017,4,52,21,17,Married,Hybrid,Sneha Joshi,Yes,No,7
EMP0028,Pooja,Kapoor,Male,57,Quality,Quality Engineer,MBA,30,Bengaluru,Karnataka,30-09-18,Contract,1355000,128165,5,77,57,7,Married,Office,Anil Shah,Yes,No,8
EMP0029,Rahul,Joshi,Female,31,Purchase,Purchase Executive,MBA,8,Indore,Madhya Pradesh,29-08-22,Permanent,541000,57957,2,59,11,1,Married,Hybrid,Priya Nair,No,No,8
EMP0030,Priya,Jain,Female,38,Quality,Quality Engineer,Bachelor,16,Jaipur,Rajasthan,03-03-11,Intern,856000,48712,1,5,48,0,Single,Office,Rakesh Kumar,No,No,10
EMP0031,Ananya,Gupta,Female,28,Sales,Sales Manager,Master,7,Ahmedabad,Gujarat,04-08-23,Permanent,593000,68908,2,39,6,18,Single,Hybrid,Sneha Joshi,No,No,7
EMP0032,Ishaan,Sharma,Male,27,Marketing,Marketing Executive,Bachelor,6,Chennai,Tamil Nadu,02-11-24,Permanent,526000,56653,1,53,52,15,Single,Hybrid,Deepa Mehta,No,No,8
EMP0033,Arjun,Mehta,Male,54,Marketing,Marketing Manager,Bachelor,33,Indore,Madhya Pradesh,08-01-16,Permanent,1437000,186361,1,35,56,14,Single,Hybrid,Priya Nair,No,No,7
EMP0034,Aarav,Nair,Female,32,Purchase,Procurement Manager,Master,11,Hyderabad,Telangana,09-04-16,Contract,727000,98591,5,1,33,30,Single,Office,Sneha Joshi,Yes,No,7
EMP0035,Meera,Jain,Male,51,Purchase,Purchase Executive,Diploma,28,Surat,Gujarat,26-01-19,Permanent,1270000,139288,3,60,35,16,Married,Hybrid,Priya Nair,No,No,9
EMP0036,Neha,Kapoor,Female,38,Marketing,Marketing Executive,Diploma,16,Surat,Gujarat,28-01-17,Permanent,880000,126813,2,24,13,23,Married,Hybrid,Vikas Singh,No,No,9
EMP0037,Aisha,Sharma,Male,39,Sales,Sales Executive,Bachelor,18,Jaipur,Rajasthan,02-11-12,Permanent,887000,85510,2,62,6,27,Single,Remote,Sneha Joshi,No,No,8
EMP0038,Priya,Gupta,Male,37,Purchase,Purchase Executive,Bachelor,7,Pune,Maharashtra,10-12-22,Permanent,502000,24200,5,38,5,7,Single,Remote,Vikas Singh,No,No,10
EMP0039,Nikhil,Singh,Female,49,Purchase,Procurement Manager,Bachelor,19,Indore,Madhya Pradesh,09-05-11,Permanent,1012000,42411,2,80,13,8,Single,Office,Anil Shah,No,Yes,9
EMP0040,Sai,Patel,Female,49,Purchase,Purchase Executive,Bachelor,18,Bengaluru,Karnataka,07-10-25,Contract,889000,100000,3,80,37,21,Single,Hybrid,Vikas Singh,No,No,2
EMP0041,Ananya,Das,Male,38,Finance,Accountant,Bachelor,4,Bengaluru,Karnataka,07-05-23,Permanent,465000,65353,4,15,29,22,Married,Remote,Vikas Singh,Yes,No,5
EMP0042,Meera,Nair,Female,26,HR,HR Manager,Master,5,Mumbai,Maharashtra,19-01-12,Permanent,513000,66852,5,75,60,0,Married,Remote,Sneha Joshi,Yes,No,3
EMP0043,Karan,Das,Female,38,Finance,Finance Manager,MBA,17,Pune,Maharashtra,17-07-20,Permanent,889000,60920,1,20,21,13,Married,Hybrid,Vikas Singh,No,No,7
EMP0044,Vivaan,Nair,Male,41,Marketing,Marketing Executive,PhD,20,Chennai,Tamil Nadu,17-07-21,Contract,950000,103473,5,59,26,1,Single,Remote,Deepa Mehta,Yes,No,8
EMP0045,Sneha,Jain,Male,34,Marketing,Marketing Executive,MBA,13,Delhi,Delhi,30-08-25,Permanent,709000,104065,5,30,45,5,Married,Remote,Anil Shah,Yes,No,7
EMP0046,Ananya,Kulkarni,Male,50,IT,Data Analyst,MBA,9,Bengaluru,Karnataka,31-05-21,Permanent,619000,80573,4,31,29,17,Single,Hybrid,Vikas Singh,Yes,No,10
EMP0047,Arjun,Kulkarni,Male,38,Quality,QA Manager,MBA,17,Bengaluru,Karnataka,14-04-26,Permanent,922000,91823,4,19,28,17,Married,Hybrid,Sneha Joshi,Yes,No,9
EMP0048,Sneha,Chopra,Female,33,Sales,Sales Executive,MBA,12,Chennai,Tamil Nadu,24-12-10,Permanent,732000,83907,4,49,42,25,Single,Hybrid,Vikas Singh,No,No,3
EMP0049,Pooja,Joshi,Male,49,IT,Data Analyst,Diploma,28,Ahmedabad,Gujarat,13-03-19,Contract,1250000,48724,3,43,39,22,Married,Remote,Priya Nair,No,No,2
EMP0050,Meera,Mehta,Female,52,Logistics,Logistics Executive,Bachelor,2,Bengaluru,Karnataka,07-02-15,Permanent,377000,55570,1,56,10,22,Married,Office,Priya Nair,No,Yes,1
EMP0051,Neha,Joshi,Female,30,Sales,Sales Manager,Bachelor,9,Ahmedabad,Gujarat,24-10-13,Permanent,645000,86753,5,30,31,29,Single,Office,Sneha Joshi,Yes,No,5
EMP0052,Diya,Das,Male,50,Marketing,Marketing Executive,Diploma,29,Hyderabad,Telangana,07-03-23,Permanent,1321000,149058,4,38,12,12,Married,Office,Priya Nair,Yes,No,10
EMP0053,Pooja,Verma,Female,22,Quality,Quality Engineer,Bachelor,1,Mumbai,Maharashtra,08-08-23,Permanent,323000,39758,2,77,51,11,Single,Remote,Deepa Mehta,No,Yes,5
EMP0054,Arjun,Das,Male,23,Marketing,Marketing Executive,Bachelor,2,Ahmedabad,Gujarat,09-01-12,Contract,363000,43450,2,25,8,25,Married,Remote,Rakesh Kumar,No,No,5
EMP0055,Diya,Chopra,Female,39,Production,Production Supervisor,PhD,7,Ahmedabad,Gujarat,23-01-15,Contract,590000,65448,4,71,23,2,Married,Office,Sneha Joshi,Yes,No,2
EMP0056,Neha,Das,Female,58,Quality,Quality Engineer,Master,23,Delhi,Delhi,25-07-10,Permanent,1129000,78308,5,28,41,2,Married,Remote,Anil Shah,Yes,No,7
EMP0057,Arjun,Patel,Male,40,Purchase,Purchase Executive,Bachelor,7,Jaipur,Rajasthan,16-01-13,Permanent,544000,60089,5,53,37,23,Single,Hybrid,Vikas Singh,No,No,8
EMP0058,Amit,Verma,Male,44,Sales,Sales Manager,PhD,23,Hyderabad,Telangana,24-03-12,Intern,1103000,105156,3,7,25,8,Single,Office,Anil Shah,No,No,8
EMP0059,Ishaan,Das,Male,24,Production,Production Engineer,Master,3,Surat,Gujarat,17-07-11,Contract,428000,23480,2,29,21,24,Single,Remote,Rakesh Kumar,No,Yes,3
EMP0060,Meera,Verma,Male,28,HR,HR Executive,Bachelor,7,Surat,Gujarat,17-03-23,Permanent,518000,32035,2,53,33,3,Single,Hybrid,Vikas Singh,No,No,6
EMP0061,Pooja,Sharma,Female,53,Sales,Sales Manager,Bachelor,2,Mumbai,Maharashtra,14-05-11,Intern,373000,30270,1,62,45,29,Married,Office,Vikas Singh,No,No,6
EMP0062,Arjun,Sharma,Male,38,Logistics,Warehouse Manager,PhD,17,Jaipur,Rajasthan,12-08-16,Permanent,924000,75421,1,70,46,27,Single,Hybrid,Sneha Joshi,No,No,4
EMP0063,Priya,Kulkarni,Female,46,Quality,QA Manager,Bachelor,6,Bengaluru,Karnataka,25-05-18,Intern,550000,77417,1,11,53,2,Single,Hybrid,Rakesh Kumar,No,Yes,6
EMP0064,Meera,Patel,Female,28,Quality,QA Manager,MBA,7,Mumbai,Maharashtra,14-06-16,Permanent,541000,22956,5,27,9,21,Married,Office,Vikas Singh,No,No,6
EMP0065,Neha,Sharma,Female,57,Sales,Sales Executive,Master,27,Bengaluru,Karnataka,26-08-10,Permanent,1287000,156357,3,44,0,5,Single,Remote,Anil Shah,No,No,7
EMP0066,Arjun,Kapoor,Male,26,Logistics,Warehouse Manager,Bachelor,5,Hyderabad,Telangana,13-07-13,Permanent,520000,35841,5,76,5,28,Single,Office,Anil Shah,Yes,No,10
EMP0067,Aditya,Verma,Female,48,Purchase,Procurement Manager,Bachelor,27,Jaipur,Rajasthan,21-07-12,Permanent,1210000,77427,5,62,33,21,Married,Office,Anil Shah,Yes,No,10
EMP0068,Aarav,Singh,Female,34,Finance,Finance Analyst,Bachelor,13,Mumbai,Maharashtra,26-02-21,Permanent,728000,33126,5,29,32,17,Married,Office,Sneha Joshi,Yes,No,1
EMP0069,Aarav,Nair,Male,41,Quality,QA Manager,Bachelor,20,Chennai,Tamil Nadu,20-06-10,Intern,973000,122752,5,58,53,22,Married,Office,Rakesh Kumar,Yes,No,2
EMP0070,Amit,Reddy,Female,54,IT,IT Manager,Master,25,Surat,Gujarat,21-06-17,Contract,1135000,103578,1,67,32,6,Married,Hybrid,Rakesh Kumar,No,No,3
EMP0071,Vihaan,Gupta,Female,33,Finance,Finance Manager,Diploma,9,Delhi,Delhi,28-05-20,Contract,665000,66192,5,79,20,27,Married,Office,Sneha Joshi,Yes,No,8
EMP0072,Aisha,Jain,Female,58,HR,HR Executive,Bachelor,22,Delhi,Delhi,05-11-10,Permanent,1058000,41482,1,78,38,16,Married,Hybrid,Sneha Joshi,No,No,1
EMP0073,Pooja,Das,Male,41,Purchase,Purchase Executive,PhD,20,Delhi,Delhi,27-04-12,Contract,995000,147147,1,64,41,5,Single,Office,Vikas Singh,No,No,8
EMP0074,Karan,Reddy,Male,44,Production,Production Supervisor,Bachelor,18,Hyderabad,Telangana,24-03-25,Permanent,963000,103693,1,42,6,17,Married,Hybrid,Rakesh Kumar,No,No,10
EMP0075,Priya,Sharma,Male,43,Marketing,Marketing Executive,Bachelor,22,Pune,Maharashtra,11-12-16,Permanent,1104000,137999,2,67,5,20,Married,Remote,Priya Nair,No,No,6
EMP0076,Sai,Singh,Female,52,Sales,Sales Executive,Bachelor,14,Bengaluru,Karnataka,08-04-12,Permanent,811000,105604,5,4,42,10,Single,Remote,Rakesh Kumar,Yes,No,3
EMP0077,Nikhil,Jain,Male,49,HR,HR Manager,Master,26,Surat,Gujarat,18-12-19,Permanent,1259000,150859,4,29,34,7,Married,Hybrid,Priya Nair,No,No,4
EMP0078,Pooja,Nair,Female,39,Quality,QA Manager,PhD,18,Surat,Gujarat,25-07-23,Permanent,913000,33107,4,47,35,29,Single,Remote,Priya Nair,No,No,2
EMP0079,Aditya,Jain,Male,38,Purchase,Purchase Executive,MBA,17,Pune,Maharashtra,24-12-14,Contract,891000,126216,4,6,25,16,Married,Office,Priya Nair,Yes,No,2
EMP0080,Ananya,Patel,Female,27,Production,Production Engineer,Diploma,6,Delhi,Delhi,12-08-25,Contract,559000,64097,4,78,0,28,Single,Office,Vikas Singh,Yes,No,3
EMP0081,Nikhil,Iyer,Female,28,Marketing,Marketing Manager,Diploma,7,Surat,Gujarat,02-06-19,Permanent,577000,48961,1,63,38,17,Single,Remote,Deepa Mehta,No,No,4
EMP0082,Arjun,Verma,Female,21,Production,Production Supervisor,Bachelor,0,Pune,Maharashtra,28-09-21,Intern,259000,37402,5,64,50,16,Single,Hybrid,Anil Shah,No,No,8
EMP0083,Rahul,Joshi,Female,22,Production,Production Supervisor,Bachelor,1,Pune,Maharashtra,19-01-23,Permanent,329000,15137,3,69,21,26,Single,Remote,Deepa Mehta,No,No,8
EMP0084,Rohan,Das,Male,29,IT,Software Engineer,Bachelor,8,Mumbai,Maharashtra,23-06-14,Contract,571000,81085,5,50,52,17,Married,Hybrid,Priya Nair,Yes,No,4
EMP0085,Neha,Kulkarni,Male,42,Marketing,Marketing Manager,Bachelor,7,Chennai,Tamil Nadu,12-11-19,Contract,546000,38594,2,63,44,15,Married,Remote,Deepa Mehta,No,No,2
EMP0086,Amit,Sharma,Female,59,Finance,Finance Analyst,Bachelor,34,Pune,Maharashtra,10-05-17,Permanent,1480000,123595,4,21,44,14,Married,Hybrid,Vikas Singh,Yes,No,6
EMP0087,Amit,Verma,Male,25,Quality,Quality Engineer,PhD,4,Ahmedabad,Gujarat,18-08-23,Permanent,447000,15277,1,30,49,20,Married,Hybrid,Anil Shah,No,No,10
EMP0088,Nikhil,Gupta,Female,44,Production,Production Engineer,Bachelor,23,Jaipur,Rajasthan,26-03-18,Permanent,1140000,72325,1,3,47,5,Married,Remote,Anil Shah,No,No,9
EMP0089,Diya,Jain,Female,49,Sales,Sales Manager,Bachelor,18,Ahmedabad,Gujarat,30-08-11,Permanent,974000,81245,1,40,42,11,Single,Remote,Rakesh Kumar,No,No,5
EMP0090,Sai,Jain,Female,53,Sales,Sales Executive,Master,7,Surat,Gujarat,30-01-21,Permanent,568000,56046,4,70,8,19,Single,Office,Vikas Singh,Yes,No,8
EMP0091,Amit,Jain,Female,57,IT,IT Manager,Master,8,Delhi,Delhi,13-06-20,Permanent,575000,26105,5,75,11,24,Single,Hybrid,Anil Shah,No,No,1
EMP0092,Karan,Gupta,Female,31,Finance,Finance Manager,Bachelor,10,Jaipur,Rajasthan,15-05-16,Contract,633000,33901,5,35,8,20,Married,Remote,Deepa Mehta,No,No,9
EMP0093,Sai,Reddy,Male,31,Production,Production Engineer,Diploma,2,Indore,Madhya Pradesh,09-12-15,Permanent,395000,31596,1,63,56,20,Married,Remote,Rakesh Kumar,No,No,8
EMP0094,Rahul,Verma,Female,25,HR,HR Manager,Bachelor,4,Delhi,Delhi,30-07-14,Permanent,409000,27612,3,44,25,4,Married,Remote,Anil Shah,No,No,9
EMP0095,Priya,Singh,Female,28,Marketing,Marketing Executive,Diploma,7,Mumbai,Maharashtra,05-07-16,Contract,576000,46181,2,41,59,18,Married,Office,Vikas Singh,No,No,8
EMP0096,Sneha,Nair,Female,52,HR,HR Manager,Bachelor,5,Surat,Gujarat,29-10-14,Permanent,431000,15544,4,76,56,26,Married,Hybrid,Sneha Joshi,No,No,2
EMP0097,Arjun,Chopra,Female,44,Quality,Quality Engineer,Bachelor,23,Indore,Madhya Pradesh,08-08-22,Permanent,1128000,72905,4,64,28,24,Married,Remote,Rakesh Kumar,No,No,2
EMP0098,Vihaan,Mehta,Female,42,Logistics,Logistics Executive,Bachelor,21,Jaipur,Rajasthan,02-01-19,Permanent,991000,34358,3,60,33,14,Single,Remote,Rakesh Kumar,No,No,9
EMP0099,Priya,Chopra,Female,31,Quality,QA Manager,Bachelor,10,Jaipur,Rajasthan,09-12-21,Permanent,674000,44467,1,47,21,21,Single,Hybrid,Vikas Singh,No,No,1
EMP0100,Rohan,Verma,Male,24,Purchase,Procurement Manager,Diploma,3,Surat,Gujarat,16-09-10,Permanent,447000,19305,1,56,20,13,Single,Hybrid,Vikas Singh,No,No,7
EMP0101,Nikhil,Chopra,Female,24,Finance,Accountant,Bachelor,3,Delhi,Delhi,14-10-21,Permanent,378000,32190,5,43,34,11,Married,Remote,Rakesh Kumar,No,No,8
EMP0102,Ananya,Verma,Female,35,Marketing,Marketing Executive,Master,14,Delhi,Delhi,10-02-17,Permanent,813000,115482,3,36,7,18,Married,Hybrid,Rakesh Kumar,No,No,6
EMP0103,Aisha,Patel,Female,26,Production,Production Supervisor,Master,5,Surat,Gujarat,14-07-14,Contract,461000,65445,3,17,6,19,Single,Office,Deepa Mehta,No,No,1
EMP0104,Karan,Singh,Male,24,IT,IT Manager,Master,3,Pune,Maharashtra,12-04-25,Contract,356000,51884,2,52,41,29,Married,Hybrid,Priya Nair,No,No,5
EMP0105,Aisha,Das,Male,26,Sales,Sales Executive,MBA,5,Ahmedabad,Gujarat,17-05-19,Contract,448000,63648,1,50,50,15,Single,Remote,Anil Shah,No,No,5
EMP0106,Aarav,Verma,Male,42,Marketing,Marketing Manager,MBA,21,Ahmedabad,Gujarat,23-04-21,Permanent,1010000,128328,3,20,46,14,Married,Remote,Anil Shah,No,No,3
EMP0107,Priya,Jain,Female,57,Sales,Sales Manager,MBA,11,Jaipur,Rajasthan,10-05-17,Permanent,723000,29966,2,61,20,29,Single,Office,Sneha Joshi,No,No,4
EMP0108,Diya,Joshi,Female,58,HR,HR Manager,Master,16,Mumbai,Maharashtra,23-12-24,Permanent,850000,41791,5,39,44,3,Married,Hybrid,Rakesh Kumar,No,No,4
EMP0109,Rohan,Gupta,Female,59,Production,Production Supervisor,Master,26,Surat,Gujarat,21-07-15,Permanent,1238000,166853,1,67,28,16,Married,Office,Anil Shah,No,No,2
EMP0110,Meera,Chopra,Male,57,Logistics,Logistics Executive,Bachelor,9,Jaipur,Rajasthan,29-11-19,Permanent,592000,68690,4,11,57,16,Married,Office,Sneha Joshi,Yes,No,9
EMP0111,Sneha,Reddy,Male,56,Purchase,Purchase Executive,Bachelor,19,Mumbai,Maharashtra,21-11-14,Permanent,921000,74457,1,69,3,29,Single,Hybrid,Rakesh Kumar,No,Yes,7
EMP0112,Arjun,Jain,Female,44,Quality,QA Manager,Bachelor,23,Jaipur,Rajasthan,25-12-12,Permanent,1101000,48704,5,50,33,4,Single,Office,Sneha Joshi,No,No,5
EMP0113,Meera,Mehta,Female,35,Sales,Sales Manager,Bachelor,14,Surat,Gujarat,06-04-26,Contract,744000,94590,4,78,49,29,Single,Office,Vikas Singh,Yes,No,2
EMP0114,Vivaan,Nair,Male,36,HR,HR Manager,Bachelor,15,Surat,Gujarat,08-04-11,Permanent,813000,47235,5,40,36,19,Married,Office,Deepa Mehta,Yes,No,3
EMP0115,Karan,Singh,Female,40,Marketing,Marketing Executive,Master,3,Chennai,Tamil Nadu,20-06-22,Permanent,400000,57196,4,67,20,22,Married,Hybrid,Priya Nair,No,No,3
EMP0116,Rahul,Gupta,Female,36,Sales,Sales Executive,MBA,15,Mumbai,Maharashtra,13-08-22,Permanent,830000,80406,2,49,15,8,Single,Hybrid,Priya Nair,No,No,8
EMP0117,Aditya,Iyer,Male,24,Marketing,Marketing Executive,MBA,3,Surat,Gujarat,07-03-23,Permanent,428000,23986,2,42,19,30,Single,Office,Deepa Mehta,No,No,2
EMP0118,Rohan,Chopra,Male,59,Sales,Sales Executive,Bachelor,25,Bengaluru,Karnataka,16-07-18,Permanent,1210000,88464,3,46,32,28,Married,Hybrid,Deepa Mehta,No,No,2
EMP0119,Rohan,Jain,Female,34,Production,Production Supervisor,Diploma,13,Surat,Gujarat,10-04-13,Permanent,778000,110609,5,53,18,4,Single,Hybrid,Rakesh Kumar,Yes,No,10
EMP0120,Rohan,Iyer,Female,37,Purchase,Procurement Manager,Bachelor,16,Hyderabad,Telangana,18-10-13,Permanent,882000,78143,5,7,33,1,Single,Remote,Sneha Joshi,Yes,No,1
EMP0121,Arjun,Kulkarni,Male,25,Finance,Accountant,Bachelor,0,Hyderabad,Telangana,11-05-11,Permanent,337000,47877,4,62,1,0,Married,Office,Vikas Singh,No,No,1
EMP0122,Diya,Iyer,Female,22,Logistics,Logistics Executive,Diploma,1,Pune,Maharashtra,05-10-21,Permanent,310000,32356,3,45,17,25,Married,Office,Sneha Joshi,No,No,6
EMP0123,Sneha,Reddy,Male,35,Marketing,Marketing Executive,Diploma,5,Chennai,Tamil Nadu,17-06-18,Permanent,432000,45969,2,10,31,27,Married,Remote,Anil Shah,No,No,10
EMP0124,Karan,Chopra,Male,35,Sales,Sales Manager,Diploma,14,Pune,Maharashtra,08-05-25,Contract,811000,79171,1,22,59,27,Married,Office,Rakesh Kumar,No,No,10
EMP0125,Rahul,Chopra,Male,40,Finance,Finance Manager,MBA,15,Chennai,Tamil Nadu,09-03-25,Contract,818000,62218,2,10,32,23,Married,Office,Anil Shah,No,Yes,4
EMP0126,Priya,Reddy,Female,41,HR,HR Manager,Bachelor,17,Hyderabad,Telangana,28-05-22,Contract,902000,47164,5,48,5,24,Married,Office,Priya Nair,No,No,2
EMP0127,Arjun,Mehta,Male,45,Production,Production Engineer,Diploma,23,Bengaluru,Karnataka,23-12-19,Permanent,1090000,46072,1,23,27,14,Married,Office,Vikas Singh,No,Yes,6
EMP0128,Aditya,Reddy,Female,45,HR,HR Manager,Bachelor,18,Pune,Maharashtra,04-04-26,Contract,912000,89955,2,48,10,4,Married,Hybrid,Anil Shah,No,No,3
EMP0129,Sai,Mehta,Female,47,Marketing,Marketing Executive,Bachelor,26,Surat,Gujarat,03-03-26,Permanent,1238000,128752,4,13,8,9,Single,Hybrid,Sneha Joshi,Yes,No,10
EMP0130,Priya,Nair,Female,48,Finance,Finance Analyst,Master,19,Surat,Gujarat,29-09-20,Permanent,967000,141421,3,62,36,25,Single,Hybrid,Priya Nair,No,No,7
EMP0131,Rahul,Joshi,Male,57,Sales,Sales Executive,Master,34,Jaipur,Rajasthan,09-08-10,Intern,1501000,214879,2,56,51,9,Single,Hybrid,Deepa Mehta,No,No,3
EMP0132,Aisha,Singh,Female,30,Quality,Quality Engineer,Bachelor,9,Indore,Madhya Pradesh,30-09-20,Permanent,635000,57654,4,69,2,25,Married,Remote,Vikas Singh,No,No,9
EMP0133,Aditya,Sharma,Male,43,Finance,Finance Manager,PhD,2,Chennai,Tamil Nadu,09-06-17,Intern,376000,16060,1,33,14,16,Single,Hybrid,Deepa Mehta,No,No,8
EMP0134,Pooja,Kapoor,Male,43,HR,HR Executive,Bachelor,22,Pune,Maharashtra,08-08-12,Contract,1116000,52453,3,43,29,25,Single,Remote,Priya Nair,No,No,8
EMP0135,Rohan,Sharma,Female,49,Production,Production Supervisor,Diploma,4,Pune,Maharashtra,05-07-10,Contract,475000,20484,2,31,33,5,Single,Hybrid,Rakesh Kumar,No,No,8
EMP0136,Rahul,Das,Male,32,Quality,Quality Engineer,Master,11,Surat,Gujarat,31-01-20,Permanent,686000,20946,2,26,17,24,Single,Remote,Rakesh Kumar,No,Yes,9
EMP0137,Neha,Joshi,Male,50,IT,Data Analyst,Bachelor,16,Hyderabad,Telangana,23-05-23,Permanent,861000,86479,3,45,54,14,Single,Remote,Vikas Singh,No,No,5
EMP0138,Pooja,Sharma,Male,41,IT,IT Manager,Diploma,15,Hyderabad,Telangana,21-07-25,Permanent,826000,66236,2,73,24,13,Single,Hybrid,Vikas Singh,No,No,3
EMP0139,Sai,Nair,Female,29,Finance,Finance Analyst,Master,8,Hyderabad,Telangana,20-03-10,Permanent,556000,71071,5,64,41,15,Married,Remote,Sneha Joshi,Yes,No,8
EMP0140,Sai,Sharma,Male,35,Marketing,Marketing Manager,Bachelor,2,Bengaluru,Karnataka,09-10-13,Contract,394000,46926,4,70,32,3,Single,Hybrid,Priya Nair,No,No,9
EMP0141,Meera,Kulkarni,Male,49,Logistics,Warehouse Manager,Diploma,13,Surat,Gujarat,04-09-16,Contract,709000,59533,3,11,28,27,Single,Office,Deepa Mehta,No,No,4
EMP0142,Pooja,Kapoor,Female,60,Quality,Quality Engineer,Master,10,Surat,Gujarat,02-05-11,Permanent,670000,42699,5,21,20,22,Married,Hybrid,Deepa Mehta,No,No,9
EMP0143,Vihaan,Gupta,Female,24,Marketing,Marketing Executive,Bachelor,3,Hyderabad,Telangana,21-07-15,Contract,444000,34243,2,73,40,8,Married,Hybrid,Sneha Joshi,No,No,2
EMP0144,Karan,Kapoor,Female,44,Purchase,Procurement Manager,Bachelor,23,Pune,Maharashtra,24-05-26,Intern,1138000,124835,3,8,50,17,Married,Office,Rakesh Kumar,No,No,7
EMP0145,Rohan,Verma,Female,39,Production,Production Engineer,Bachelor,18,Delhi,Delhi,16-09-17,Contract,980000,35093,1,80,50,26,Married,Office,Sneha Joshi,No,Yes,3
EMP0146,Sneha,Patel,Female,33,Finance,Accountant,MBA,12,Bengaluru,Karnataka,04-02-12,Permanent,703000,28043,2,6,25,20,Married,Remote,Sneha Joshi,No,No,4
EMP0147,Aditya,Kapoor,Male,21,Sales,Sales Executive,Diploma,0,Surat,Gujarat,26-08-21,Permanent,251000,7773,3,15,55,13,Single,Hybrid,Rakesh Kumar,No,No,2
EMP0148,Rahul,Sharma,Male,27,Production,Production Supervisor,Diploma,6,Ahmedabad,Gujarat,22-05-24,Intern,479000,18302,5,1,39,20,Single,Hybrid,Deepa Mehta,Yes,No,4
EMP0149,Arjun,Chopra,Female,60,Purchase,Purchase Executive,MBA,13,Ahmedabad,Gujarat,05-10-12,Permanent,755000,54499,4,40,50,4,Single,Hybrid,Vikas Singh,No,No,4
EMP0150,Nikhil,Reddy,Female,22,Marketing,Marketing Executive,Master,1,Bengaluru,Karnataka,29-06-24,Permanent,316000,28246,1,30,31,20,Single,Remote,Priya Nair,No,No,1
EMP0151,Priya,Gupta,Female,57,Quality,Quality Engineer,Master,23,Pune,Maharashtra,17-05-10,Permanent,1057000,64966,1,7,60,25,Married,Remote,Sneha Joshi,No,No,9
EMP0152,Amit,Kapoor,Female,26,Logistics,Logistics Executive,Bachelor,5,Bengaluru,Karnataka,10-10-11,Permanent,452000,66407,2,68,20,12,Single,Hybrid,Anil Shah,No,No,4
EMP0153,Ananya,Sharma,Female,28,Purchase,Procurement Manager,Master,3,Ahmedabad,Gujarat,05-09-12,Permanent,373000,42589,2,63,60,11,Married,Office,Deepa Mehta,No,No,5
EMP0154,Vihaan,Jain,Male,42,Quality,Quality Engineer,Bachelor,17,Indore,Madhya Pradesh,28-01-24,Permanent,905000,82621,1,63,54,18,Single,Hybrid,Vikas Singh,No,Yes,2
EMP0155,Vihaan,Singh,Male,23,HR,HR Executive,Bachelor,2,Chennai,Tamil Nadu,14-05-13,Permanent,325000,31312,4,28,20,7,Married,Remote,Priya Nair,No,No,6
EMP0156,Aditya,Reddy,Female,28,Logistics,Logistics Executive,Bachelor,3,Jaipur,Rajasthan,12-01-11,Intern,364000,49227,3,39,20,2,Married,Office,Rakesh Kumar,No,No,6
EMP0157,Aisha,Reddy,Female,60,Sales,Sales Manager,Bachelor,29,Delhi,Delhi,20-05-14,Permanent,1337000,162122,2,19,0,29,Married,Office,Deepa Mehta,No,Yes,6
EMP0158,Aarav,Joshi,Male,45,Marketing,Marketing Executive,Bachelor,6,Surat,Gujarat,02-06-19,Permanent,468000,68659,2,35,5,1,Single,Remote,Sneha Joshi,No,No,6
EMP0159,Aditya,Reddy,Male,53,Finance,Accountant,Bachelor,25,Mumbai,Maharashtra,04-10-19,Permanent,1142000,66707,3,40,59,25,Married,Remote,Priya Nair,No,No,6
EMP0160,Sneha,Verma,Male,25,Sales,Sales Executive,Bachelor,4,Ahmedabad,Gujarat,31-01-20,Permanent,443000,19708,3,26,28,9,Married,Hybrid,Anil Shah,No,No,2
EMP0161,Sai,Jain,Female,59,HR,HR Manager,Diploma,13,Surat,Gujarat,24-12-17,Permanent,711000,79107,3,22,1,30,Married,Hybrid,Deepa Mehta,No,No,9
EMP0162,Meera,Singh,Male,50,IT,Software Engineer,Diploma,8,Surat,Gujarat,06-12-12,Permanent,583000,43532,1,74,37,8,Single,Office,Deepa Mehta,No,No,4
EMP0163,Sneha,Jain,Male,26,Production,Production Engineer,MBA,5,Mumbai,Maharashtra,08-10-13,Contract,482000,61986,4,63,1,12,Married,Office,Priya Nair,Yes,No,3
EMP0164,Diya,Nair,Male,23,Sales,Sales Manager,Bachelor,2,Jaipur,Rajasthan,29-09-20,Permanent,357000,27118,4,25,41,28,Single,Remote,Anil Shah,No,No,9
EMP0165,Rahul,Jain,Female,51,Logistics,Warehouse Manager,MBA,30,Jaipur,Rajasthan,19-03-17,Permanent,1324000,43861,5,28,1,28,Married,Office,Vikas Singh,No,No,8
EMP0166,Neha,Jain,Male,31,IT,Senior Developer,Bachelor,10,Mumbai,Maharashtra,03-12-14,Permanent,651000,47247,2,22,15,18,Married,Remote,Anil Shah,No,No,10
EMP0167,Neha,Reddy,Male,57,Sales,Sales Manager,Bachelor,31,Mumbai,Maharashtra,10-01-12,Permanent,1414000,79548,5,61,0,10,Single,Office,Priya Nair,Yes,No,3
EMP0168,Vivaan,Patel,Male,58,Finance,Finance Manager,MBA,7,Pune,Maharashtra,19-05-18,Permanent,582000,45088,1,43,19,10,Single,Office,Deepa Mehta,No,No,7
EMP0169,Rohan,Das,Female,32,Logistics,Logistics Executive,Master,11,Ahmedabad,Gujarat,27-06-18,Permanent,725000,47373,2,0,60,22,Married,Remote,Priya Nair,No,Yes,10
EMP0170,Nikhil,Singh,Male,52,Finance,Finance Manager,Diploma,21,Hyderabad,Telangana,02-03-17,Permanent,997000,128214,3,57,0,8,Single,Office,Priya Nair,No,No,2
EMP0171,Diya,Jain,Male,21,HR,HR Manager,Master,0,Ahmedabad,Gujarat,15-04-19,Permanent,300000,21644,4,12,53,15,Single,Office,Anil Shah,No,No,8
EMP0172,Vivaan,Verma,Male,41,Marketing,Marketing Executive,Bachelor,6,Chennai,Tamil Nadu,11-08-13,Permanent,532000,76087,1,43,38,19,Married,Remote,Vikas Singh,No,Yes,3
EMP0173,Amit,Gupta,Male,27,Production,Production Engineer,Bachelor,6,Jaipur,Rajasthan,12-03-26,Contract,531000,32833,3,38,15,3,Single,Hybrid,Vikas Singh,No,No,10
EMP0174,Rohan,Gupta,Male,44,HR,HR Executive,Bachelor,23,Indore,Madhya Pradesh,09-10-20,Permanent,1058000,58015,3,10,30,27,Single,Hybrid,Sneha Joshi,No,No,7
EMP0175,Rohan,Chopra,Female,26,Logistics,Logistics Executive,Bachelor,5,Chennai,Tamil Nadu,15-04-18,Permanent,431000,26548,4,33,14,26,Married,Remote,Anil Shah,Yes,No,2
EMP0176,Neha,Jain,Female,58,Sales,Sales Executive,MBA,35,Jaipur,Rajasthan,23-05-19,Intern,1565000,209753,4,73,56,7,Married,Hybrid,Vikas Singh,Yes,No,1
EMP0177,Pooja,Chopra,Male,28,Purchase,Purchase Executive,PhD,7,Surat,Gujarat,30-10-12,Permanent,505000,75040,4,25,52,20,Single,Remote,Anil Shah,Yes,No,2
EMP0178,Rahul,Iyer,Female,56,Production,Production Supervisor,MBA,17,Mumbai,Maharashtra,16-09-25,Permanent,913000,113031,1,53,9,4,Single,Office,Priya Nair,No,No,2
EMP0179,Meera,Chopra,Female,47,Marketing,Marketing Manager,Bachelor,24,Delhi,Delhi,03-11-10,Permanent,1143000,54021,5,51,2,12,Married,Remote,Priya Nair,Yes,No,8
EMP0180,Neha,Patel,Female,40,Marketing,Marketing Manager,MBA,17,Pune,Maharashtra,11-02-15,Permanent,942000,78349,3,34,46,13,Single,Office,Rakesh Kumar,No,No,8
EMP0181,Amit,Kapoor,Female,54,Production,Production Engineer,Diploma,3,Jaipur,Rajasthan,18-01-19,Permanent,424000,57460,1,22,12,28,Single,Office,Anil Shah,No,Yes,8
EMP0182,Neha,Kapoor,Male,38,Production,Production Supervisor,Master,17,Pune,Maharashtra,12-04-25,Permanent,894000,79257,4,22,55,15,Married,Hybrid,Deepa Mehta,Yes,No,5
EMP0183,Aditya,Verma,Male,45,HR,HR Executive,MBA,10,Surat,Gujarat,14-03-25,Permanent,685000,54211,1,1,30,29,Single,Remote,Rakesh Kumar,No,Yes,1
EMP0184,Diya,Reddy,Female,38,Quality,QA Manager,Bachelor,17,Surat,Gujarat,20-06-20,Permanent,913000,117701,4,74,6,0,Married,Remote,Priya Nair,No,No,10
EMP0185,Aisha,Das,Male,51,IT,IT Manager,Master,21,Bengaluru,Karnataka,10-11-15,Permanent,1070000,70465,2,66,48,7,Single,Remote,Deepa Mehta,No,No,6
EMP0186,Arjun,Kapoor,Male,52,Marketing,Marketing Manager,Bachelor,16,Mumbai,Maharashtra,29-01-23,Permanent,885000,113211,3,28,43,17,Married,Remote,Vikas Singh,No,No,6
EMP0187,Aisha,Kulkarni,Male,56,Finance,Accountant,Bachelor,18,Bengaluru,Karnataka,07-04-26,Contract,980000,136725,3,11,14,11,Single,Remote,Sneha Joshi,No,No,5
EMP0188,Priya,Joshi,Female,58,Marketing,Marketing Executive,Bachelor,29,Indore,Madhya Pradesh,06-01-23,Contract,1274000,110413,2,64,7,27,Married,Remote,Rakesh Kumar,No,No,1
EMP0189,Arjun,Singh,Female,47,Purchase,Procurement Manager,MBA,9,Ahmedabad,Gujarat,25-10-11,Permanent,648000,96161,3,7,0,14,Married,Office,Vikas Singh,No,No,3
EMP0190,Sai,Nair,Male,29,Quality,QA Manager,Bachelor,8,Delhi,Delhi,07-08-18,Permanent,600000,32358,3,1,57,10,Single,Office,Deepa Mehta,No,No,1
EMP0191,Ananya,Singh,Female,40,Finance,Finance Analyst,Bachelor,6,Bengaluru,Karnataka,30-09-13,Permanent,466000,30655,3,58,46,16,Married,Hybrid,Priya Nair,No,No,3
EMP0192,Rohan,Joshi,Male,31,Quality,Quality Engineer,Bachelor,1,Ahmedabad,Gujarat,27-09-14,Permanent,362000,32781,1,46,45,20,Single,Hybrid,Vikas Singh,No,No,5
EMP0193,Nikhil,Patel,Male,27,HR,HR Executive,Bachelor,3,Chennai,Tamil Nadu,09-10-12,Permanent,417000,47631,2,80,0,9,Married,Remote,Priya Nair,No,Yes,9
EMP0194,Nikhil,Reddy,Male,47,IT,Software Engineer,Bachelor,26,Pune,Maharashtra,01-03-21,Permanent,1186000,146299,5,25,22,22,Married,Hybrid,Sneha Joshi,Yes,No,9
EMP0195,Ishaan,Kapoor,Female,42,Sales,Sales Executive,Master,0,Pune,Maharashtra,17-11-22,Permanent,270000,38862,5,9,46,23,Single,Hybrid,Sneha Joshi,No,No,4
EMP0196,Aisha,Verma,Female,24,IT,Software Engineer,MBA,3,Hyderabad,Telangana,07-03-25,Permanent,452000,19846,1,1,54,4,Single,Hybrid,Vikas Singh,No,No,8
EMP0197,Diya,Chopra,Male,44,Production,Production Engineer,Bachelor,11,Delhi,Delhi,05-02-16,Contract,725000,95758,4,21,7,4,Single,Office,Sneha Joshi,Yes,No,10
EMP0198,Pooja,Das,Female,32,Quality,Quality Engineer,MBA,11,Ahmedabad,Gujarat,01-11-20,Contract,650000,88732,4,5,4,8,Married,Office,Deepa Mehta,No,No,9
EMP0199,Pooja,Kapoor,Male,42,Logistics,Logistics Executive,Bachelor,21,Surat,Gujarat,22-10-20,Permanent,1074000,114884,2,71,57,19,Single,Office,Vikas Singh,No,No,3
EMP0200,Rohan,Kulkarni,Female,31,IT,IT Manager,Bachelor,10,Bengaluru,Karnataka,17-02-11,Permanent,672000,72037,4,30,5,14,Married,Remote,Sneha Joshi,Yes,No,8
EMP0201,Priya,Sharma,Female,22,IT,Data Analyst,Diploma,1,Jaipur,Rajasthan,02-01-10,Contract,364000,52991,3,65,35,6,Married,Hybrid,Anil Shah,No,No,6
EMP0202,Ananya,Kulkarni,Female,42,Logistics,Warehouse Manager,Master,21,Pune,Maharashtra,09-03-12,Contract,1014000,30687,3,37,35,16,Married,Remote,Anil Shah,No,No,2
EMP0203,Sai,Nair,Male,47,IT,Senior Developer,Bachelor,16,Chennai,Tamil Nadu,02-11-14,Permanent,835000,96872,1,53,2,29,Single,Hybrid,Vikas Singh,No,No,10
EMP0204,Arjun,Nair,Male,54,HR,HR Manager,MBA,33,Delhi,Delhi,27-05-21,Contract,1428000,161390,2,16,6,12,Married,Remote,Vikas Singh,No,No,7
EMP0205,Ananya,Verma,Female,42,Marketing,Marketing Executive,Diploma,21,Indore,Madhya Pradesh,13-09-25,Contract,1052000,69295,5,40,45,23,Single,Office,Deepa Mehta,Yes,No,5
EMP0206,Neha,Chopra,Male,32,Logistics,Warehouse Manager,Master,11,Hyderabad,Telangana,12-08-22,Permanent,710000,101616,4,68,18,28,Married,Office,Sneha Joshi,No,No,1
EMP0207,Arjun,Patel,Male,33,Marketing,Marketing Manager,Master,10,Ahmedabad,Gujarat,24-05-11,Permanent,639000,34813,5,4,22,26,Married,Office,Rakesh Kumar,No,No,9
EMP0208,Meera,Mehta,Male,53,Marketing,Marketing Manager,Bachelor,3,Hyderabad,Telangana,21-05-22,Permanent,452000,27193,5,56,53,7,Married,Remote,Deepa Mehta,No,No,9
EMP0209,Nikhil,Singh,Male,39,Purchase,Purchase Executive,Bachelor,11,Ahmedabad,Gujarat,11-07-21,Permanent,640000,52109,5,33,8,5,Married,Office,Anil Shah,Yes,No,3
EMP0210,Arjun,Chopra,Female,59,HR,HR Manager,Master,19,Jaipur,Rajasthan,12-01-18,Permanent,1008000,68688,2,23,33,2,Single,Hybrid,Anil Shah,No,No,7
EMP0211,Neha,Singh,Male,42,Production,Production Supervisor,Bachelor,21,Indore,Madhya Pradesh,24-11-21,Permanent,1059000,136444,1,14,42,11,Married,Office,Vikas Singh,No,No,10
EMP0212,Ananya,Patel,Female,45,IT,IT Manager,Bachelor,24,Bengaluru,Karnataka,22-07-10,Contract,1139000,104466,5,57,31,1,Married,Remote,Anil Shah,Yes,No,9
EMP0213,Vihaan,Gupta,Male,25,Sales,Sales Manager,MBA,4,Surat,Gujarat,23-01-22,Contract,487000,59913,1,19,1,14,Married,Office,Rakesh Kumar,No,Yes,1
EMP0214,Diya,Iyer,Male,57,Sales,Sales Manager,Bachelor,16,Chennai,Tamil Nadu,18-09-19,Permanent,861000,95395,5,0,41,23,Single,Remote,Priya Nair,No,No,2
EMP0215,Karan,Sharma,Female,40,IT,Data Analyst,Bachelor,18,Mumbai,Maharashtra,18-08-20,Permanent,909000,42146,4,69,18,30,Single,Hybrid,Anil Shah,No,No,6
EMP0216,Meera,Kulkarni,Male,28,HR,HR Manager,Bachelor,0,Pune,Maharashtra,01-11-16,Permanent,347000,48034,3,27,26,28,Single,Office,Rakesh Kumar,No,No,3
EMP0217,Nikhil,Kulkarni,Female,33,IT,Software Engineer,MBA,11,Jaipur,Rajasthan,06-05-20,Permanent,645000,41847,1,32,6,6,Married,Hybrid,Anil Shah,No,No,4
EMP0218,Aisha,Reddy,Male,33,Production,Production Supervisor,Bachelor,12,Bengaluru,Karnataka,21-07-25,Permanent,744000,72929,3,54,10,0,Married,Office,Deepa Mehta,No,No,4
EMP0219,Amit,Verma,Female,29,Production,Production Supervisor,Bachelor,8,Bengaluru,Karnataka,03-12-20,Permanent,553000,59429,1,35,54,26,Single,Remote,Deepa Mehta,No,Yes,2
EMP0220,Aditya,Chopra,Male,53,HR,HR Executive,MBA,25,Jaipur,Rajasthan,05-11-15,Permanent,1196000,103636,2,46,25,7,Married,Office,Anil Shah,No,No,9
EMP0221,Rahul,Joshi,Male,36,Finance,Accountant,Bachelor,15,Ahmedabad,Gujarat,14-09-22,Contract,861000,115945,2,61,60,11,Single,Office,Anil Shah,No,No,4
EMP0222,Diya,Joshi,Male,23,Sales,Sales Manager,Bachelor,2,Delhi,Delhi,16-01-11,Permanent,405000,27900,5,35,53,23,Married,Remote,Vikas Singh,No,No,9
EMP0223,Sai,Mehta,Female,44,IT,IT Manager,Bachelor,23,Surat,Gujarat,01-08-21,Permanent,1100000,97266,4,77,0,16,Single,Hybrid,Vikas Singh,Yes,No,2
EMP0224,Diya,Singh,Male,32,Finance,Finance Manager,Master,11,Pune,Maharashtra,29-10-24,Permanent,678000,78940,4,61,30,6,Single,Remote,Rakesh Kumar,No,No,1
EMP0225,Vivaan,Gupta,Male,29,Logistics,Logistics Executive,Diploma,2,Bengaluru,Karnataka,14-01-14,Permanent,373000,38017,5,2,56,23,Married,Office,Sneha Joshi,No,No,4
EMP0226,Nikhil,Nair,Female,31,Sales,Sales Executive,Master,10,Ahmedabad,Gujarat,24-12-23,Permanent,635000,31830,3,58,38,18,Single,Office,Sneha Joshi,No,No,7
EMP0227,Arjun,Sharma,Male,33,Logistics,Warehouse Manager,MBA,12,Indore,Madhya Pradesh,28-02-12,Permanent,751000,76585,5,64,48,3,Single,Hybrid,Vikas Singh,No,No,10
EMP0228,Aarav,Chopra,Female,54,Quality,Quality Engineer,Master,23,Chennai,Tamil Nadu,23-02-15,Contract,1118000,139467,4,44,37,25,Single,Hybrid,Rakesh Kumar,Yes,No,8
EMP0229,Aditya,Verma,Female,37,Sales,Sales Executive,Bachelor,0,Pune,Maharashtra,28-08-21,Permanent,336000,18362,3,52,23,3,Single,Hybrid,Priya Nair,No,No,10
EMP0230,Diya,Kulkarni,Female,57,Production,Production Supervisor,Master,17,Chennai,Tamil Nadu,20-05-22,Contract,908000,46713,5,71,30,8,Married,Remote,Deepa Mehta,Yes,No,7
EMP0231,Arjun,Kulkarni,Male,35,Purchase,Purchase Executive,Bachelor,10,Chennai,Tamil Nadu,04-08-17,Contract,680000,77280,1,20,24,30,Single,Office,Vikas Singh,No,No,8
EMP0232,Amit,Sharma,Male,37,Sales,Sales Executive,Master,16,Chennai,Tamil Nadu,27-12-18,Permanent,878000,56522,5,7,60,24,Single,Remote,Rakesh Kumar,Yes,No,1
EMP0233,Karan,Verma,Male,23,Logistics,Logistics Executive,Master,2,Mumbai,Maharashtra,25-01-18,Permanent,320000,47065,1,35,49,12,Married,Remote,Rakesh Kumar,No,No,10
EMP0234,Karan,Patel,Male,26,Logistics,Warehouse Manager,Bachelor,5,Bengaluru,Karnataka,28-01-15,Permanent,450000,38057,4,73,0,8,Single,Hybrid,Anil Shah,No,No,9
EMP0235,Karan,Verma,Female,28,Logistics,Warehouse Manager,Master,7,Chennai,Tamil Nadu,19-08-22,Permanent,527000,63713,4,58,57,18,Single,Hybrid,Sneha Joshi,Yes,No,2
EMP0236,Ananya,Das,Male,41,Quality,Quality Engineer,Master,20,Bengaluru,Karnataka,27-07-15,Permanent,1002000,111065,3,9,35,29,Single,Hybrid,Priya Nair,No,No,6
EMP0237,Ishaan,Chopra,Female,32,Sales,Sales Executive,Bachelor,11,Surat,Gujarat,15-12-15,Permanent,662000,86188,5,45,9,24,Single,Office,Vikas Singh,No,No,8
EMP0238,Aarav,Jain,Male,51,Production,Production Supervisor,MBA,20,Indore,Madhya Pradesh,29-02-16,Permanent,1017000,64714,2,73,8,1,Married,Hybrid,Vikas Singh,No,No,1
EMP0239,Neha,Mehta,Male,50,IT,Data Analyst,Bachelor,29,Mumbai,Maharashtra,07-04-10,Permanent,1315000,131133,3,46,39,27,Married,Office,Priya Nair,No,No,9
EMP0240,Ananya,Verma,Female,60,Production,Production Engineer,Bachelor,23,Surat,Gujarat,27-05-19,Permanent,1104000,81486,4,35,28,5,Single,Remote,Deepa Mehta,No,No,2
EMP0241,Diya,Jain,Male,56,Quality,Quality Engineer,Diploma,24,Ahmedabad,Gujarat,10-08-20,Contract,1113000,89688,2,80,33,17,Married,Hybrid,Vikas Singh,No,No,9
EMP0242,Vivaan,Mehta,Male,31,HR,HR Manager,Bachelor,10,Pune,Maharashtra,03-02-20,Permanent,634000,46482,5,71,59,25,Married,Hybrid,Priya Nair,Yes,No,2
EMP0243,Nikhil,Singh,Male,39,Production,Production Supervisor,Master,18,Delhi,Delhi,05-10-11,Permanent,918000,78627,2,21,40,25,Married,Hybrid,Sneha Joshi,No,No,10
EMP0244,Aditya,Sharma,Male,42,Sales,Sales Manager,Master,20,Bengaluru,Karnataka,31-07-23,Permanent,986000,134612,3,75,33,30,Married,Hybrid,Rakesh Kumar,No,No,3
EMP0245,Aarav,Gupta,Male,37,IT,Senior Developer,Bachelor,13,Pune,Maharashtra,07-06-11,Contract,767000,73488,1,50,33,24,Single,Office,Anil Shah,No,No,3
EMP0246,Rahul,Verma,Male,36,Marketing,Marketing Executive,Diploma,15,Ahmedabad,Gujarat,23-08-10,Permanent,822000,109527,3,60,29,27,Married,Remote,Rakesh Kumar,No,No,8
EMP0247,Meera,Gupta,Female,57,Quality,QA Manager,MBA,33,Delhi,Delhi,07-02-22,Permanent,1417000,117644,3,52,16,4,Married,Office,Vikas Singh,No,No,1
EMP0248,Arjun,Joshi,Female,51,Logistics,Warehouse Manager,MBA,0,Delhi,Delhi,20-09-16,Permanent,306000,38481,5,29,50,0,Married,Office,Vikas Singh,No,No,7
EMP0249,Amit,Mehta,Male,31,Quality,Quality Engineer,Bachelor,10,Chennai,Tamil Nadu,10-01-24,Permanent,680000,86298,3,36,41,23,Married,Hybrid,Anil Shah,No,No,4
EMP0250,Sai,Gupta,Female,28,Purchase,Procurement Manager,Master,7,Delhi,Delhi,19-03-14,Permanent,515000,18517,5,2,11,3,Married,Hybrid,Deepa Mehta,Yes,No,8
EMP0251,Aarav,Singh,Male,30,HR,HR Executive,Bachelor,9,Bengaluru,Karnataka,06-03-21,Intern,626000,71134,1,42,5,26,Single,Office,Anil Shah,No,No,7
EMP0252,Meera,Nair,Male,33,Marketing,Marketing Executive,Diploma,12,Surat,Gujarat,19-08-18,Contract,728000,43432,1,25,29,23,Single,Remote,Sneha Joshi,No,No,4
EMP0253,Rahul,Das,Female,41,Finance,Finance Manager,MBA,2,Jaipur,Rajasthan,27-09-12,Permanent,404000,26606,3,6,55,21,Single,Office,Deepa Mehta,No,No,4
EMP0254,Amit,Joshi,Male,31,Marketing,Marketing Manager,Master,7,Mumbai,Maharashtra,11-12-10,Permanent,586000,51001,5,19,23,24,Single,Office,Deepa Mehta,Yes,No,2
EMP0255,Nikhil,Joshi,Male,24,Production,Production Engineer,Diploma,3,Surat,Gujarat,07-02-17,Intern,439000,53033,4,24,1,22,Married,Hybrid,Priya Nair,No,No,3
EMP0256,Vivaan,Nair,Female,56,Marketing,Marketing Manager,Bachelor,34,Ahmedabad,Gujarat,12-03-22,Permanent,1536000,132415,5,70,10,2,Single,Hybrid,Vikas Singh,Yes,No,5
EMP0257,Neha,Nair,Male,53,Quality,Quality Engineer,Master,11,Hyderabad,Telangana,29-11-23,Permanent,730000,27449,5,49,12,16,Married,Remote,Priya Nair,Yes,No,5
EMP0258,Amit,Das,Female,28,IT,Software Engineer,Diploma,7,Ahmedabad,Gujarat,03-01-14,Contract,521000,22323,2,12,2,18,Married,Remote,Deepa Mehta,No,No,10
EMP0259,Pooja,Verma,Male,44,Sales,Sales Executive,MBA,4,Surat,Gujarat,15-09-24,Permanent,400000,34467,1,46,35,23,Married,Hybrid,Vikas Singh,No,No,1
EMP0260,Diya,Iyer,Male,25,Marketing,Marketing Executive,PhD,4,Pune,Maharashtra,09-04-12,Permanent,460000,35070,2,67,42,7,Single,Remote,Deepa Mehta,No,No,7
EMP0261,Vihaan,Jain,Female,50,Quality,Quality Engineer,Master,6,Jaipur,Rajasthan,03-01-19,Permanent,546000,26744,5,56,59,11,Married,Remote,Priya Nair,No,No,6
EMP0262,Amit,Jain,Female,41,Sales,Sales Executive,Bachelor,20,Jaipur,Rajasthan,13-09-15,Permanent,1009000,84453,4,0,46,1,Married,Remote,Priya Nair,Yes,No,3
EMP0263,Aarav,Verma,Male,34,Production,Production Supervisor,MBA,1,Jaipur,Rajasthan,24-06-22,Permanent,360000,17484,1,58,22,4,Single,Hybrid,Rakesh Kumar,No,No,10
EMP0264,Ananya,Verma,Female,26,Quality,Quality Engineer,Master,5,Delhi,Delhi,17-11-13,Permanent,515000,58886,1,76,41,9,Single,Remote,Anil Shah,No,No,7
EMP0265,Vivaan,Chopra,Female,43,Quality,Quality Engineer,MBA,22,Surat,Gujarat,22-08-24,Contract,1021000,108294,4,6,19,16,Single,Hybrid,Priya Nair,No,No,3
EMP0266,Karan,Kapoor,Male,30,HR,HR Manager,Master,9,Indore,Madhya Pradesh,27-04-21,Permanent,622000,40289,4,18,8,10,Single,Hybrid,Vikas Singh,No,No,1
EMP0267,Rahul,Verma,Male,46,Logistics,Logistics Executive,Master,25,Delhi,Delhi,18-07-22,Permanent,1177000,127434,2,71,39,23,Single,Office,Priya Nair,No,Yes,7
EMP0268,Pooja,Sharma,Male,47,Quality,QA Manager,Bachelor,23,Hyderabad,Telangana,28-04-23,Permanent,1095000,55090,3,78,52,25,Married,Remote,Sneha Joshi,No,No,3
EMP0269,Vivaan,Chopra,Male,33,Production,Production Engineer,Diploma,9,Mumbai,Maharashtra,15-06-15,Contract,584000,78402,3,1,21,22,Single,Hybrid,Sneha Joshi,No,No,8
EMP0270,Aarav,Joshi,Male,55,Sales,Sales Manager,Bachelor,13,Indore,Madhya Pradesh,16-05-26,Intern,796000,90625,1,48,37,28,Single,Hybrid,Rakesh Kumar,No,Yes,5
EMP0271,Nikhil,Verma,Male,50,HR,HR Manager,Master,4,Hyderabad,Telangana,02-06-12,Permanent,475000,36282,4,65,45,3,Married,Hybrid,Anil Shah,No,No,9
EMP0272,Sai,Singh,Female,56,HR,HR Executive,MBA,2,Bengaluru,Karnataka,25-06-17,Permanent,418000,20415,3,45,22,20,Married,Office,Priya Nair,No,No,9
EMP0273,Vivaan,Das,Female,45,HR,HR Manager,Bachelor,24,Hyderabad,Telangana,24-10-18,Permanent,1102000,129581,5,78,55,20,Single,Hybrid,Sneha Joshi,Yes,No,3
EMP0274,Aisha,Chopra,Female,49,Logistics,Logistics Executive,Master,8,Indore,Madhya Pradesh,21-02-22,Permanent,557000,74365,3,67,58,4,Married,Office,Rakesh Kumar,No,No,10
EMP0275,Priya,Sharma,Male,32,Production,Production Engineer,Master,9,Chennai,Tamil Nadu,23-03-19,Permanent,663000,94181,3,19,49,6,Single,Office,Anil Shah,No,No,3
EMP0276,Nikhil,Reddy,Female,59,Sales,Sales Executive,Master,14,Hyderabad,Telangana,14-10-11,Permanent,802000,36964,5,60,45,20,Married,Office,Sneha Joshi,No,No,8
EMP0277,Arjun,Gupta,Male,35,HR,HR Executive,MBA,14,Chennai,Tamil Nadu,29-12-14,Permanent,767000,92756,1,22,59,30,Married,Remote,Sneha Joshi,No,No,6
EMP0278,Ananya,Mehta,Female,23,Quality,QA Manager,Master,2,Indore,Madhya Pradesh,27-04-23,Permanent,404000,54578,1,66,6,14,Married,Office,Vikas Singh,No,No,4
EMP0279,Meera,Mehta,Male,56,Quality,Quality Engineer,Bachelor,33,Delhi,Delhi,05-12-18,Contract,1442000,123092,4,37,39,29,Single,Remote,Sneha Joshi,No,No,3
EMP0280,Sneha,Sharma,Male,32,Logistics,Warehouse Manager,Bachelor,8,Delhi,Delhi,24-07-10,Permanent,607000,83520,2,58,5,8,Married,Remote,Deepa Mehta,No,No,3
EMP0281,Vihaan,Sharma,Male,49,Production,Production Supervisor,Master,5,Jaipur,Rajasthan,24-09-23,Contract,475000,45620,1,21,58,10,Single,Office,Deepa Mehta,No,No,3
EMP0282,Vivaan,Mehta,Female,40,Purchase,Purchase Executive,Diploma,18,Ahmedabad,Gujarat,20-07-14,Permanent,913000,28727,4,63,34,25,Single,Remote,Rakesh Kumar,No,No,4
EMP0283,Pooja,Das,Female,50,Quality,Quality Engineer,Master,28,Mumbai,Maharashtra,28-06-15,Contract,1266000,132135,5,26,3,5,Single,Office,Rakesh Kumar,No,No,1
EMP0284,Vivaan,Das,Female,42,IT,Software Engineer,Bachelor,3,Ahmedabad,Gujarat,14-08-13,Permanent,435000,47550,5,73,50,17,Single,Hybrid,Priya Nair,No,No,10
EMP0285,Vivaan,Sharma,Female,41,Production,Production Engineer,Master,20,Jaipur,Rajasthan,16-06-11,Permanent,968000,43214,3,42,33,13,Single,Remote,Vikas Singh,No,No,4
EMP0286,Vivaan,Sharma,Male,51,Marketing,Marketing Manager,Bachelor,27,Indore,Madhya Pradesh,24-12-23,Permanent,1212000,125702,4,66,46,20,Married,Hybrid,Rakesh Kumar,No,No,10
EMP0287,Aisha,Singh,Male,28,HR,HR Executive,Master,7,Surat,Gujarat,20-10-23,Intern,549000,19467,3,71,51,20,Single,Office,Deepa Mehta,No,No,4
EMP0288,Aisha,Verma,Male,40,Marketing,Marketing Manager,Master,19,Pune,Maharashtra,20-05-25,Permanent,967000,113069,5,3,53,5,Single,Hybrid,Sneha Joshi,No,No,8
EMP0289,Vivaan,Das,Male,51,Finance,Finance Manager,MBA,29,Delhi,Delhi,15-04-19,Contract,1272000,165631,3,72,46,21,Married,Remote,Anil Shah,No,No,9
EMP0290,Ishaan,Reddy,Female,43,IT,IT Manager,MBA,9,Hyderabad,Telangana,01-06-18,Permanent,587000,57830,4,23,38,3,Married,Remote,Priya Nair,No,No,1
EMP0291,Amit,Sharma,Female,36,Production,Production Supervisor,Bachelor,15,Bengaluru,Karnataka,04-12-13,Permanent,780000,96201,1,56,32,0,Married,Remote,Sneha Joshi,No,Yes,6
EMP0292,Karan,Verma,Female,30,IT,Senior Developer,Bachelor,9,Mumbai,Maharashtra,21-04-20,Permanent,633000,27789,3,5,43,27,Single,Hybrid,Anil Shah,No,No,8
EMP0293,Vihaan,Iyer,Female,22,Marketing,Marketing Manager,Bachelor,1,Bengaluru,Karnataka,16-03-16,Permanent,343000,37913,3,19,10,8,Single,Office,Vikas Singh,No,No,10
EMP0294,Karan,Sharma,Male,55,Production,Production Supervisor,Bachelor,34,Bengaluru,Karnataka,16-11-22,Permanent,1449000,97612,3,69,28,1,Single,Office,Deepa Mehta,No,No,8
EMP0295,Vivaan,Sharma,Female,24,IT,Data Analyst,Bachelor,3,Indore,Madhya Pradesh,18-04-23,Permanent,445000,50696,5,45,19,10,Single,Remote,Anil Shah,No,No,9
EMP0296,Sneha,Reddy,Male,26,Purchase,Procurement Manager,Bachelor,5,Delhi,Delhi,21-07-20,Permanent,454000,21450,5,33,58,11,Married,Office,Priya Nair,No,No,6
EMP0297,Sneha,Nair,Male,25,Purchase,Procurement Manager,Bachelor,4,Ahmedabad,Gujarat,01-05-16,Contract,469000,46413,5,13,25,26,Single,Hybrid,Priya Nair,No,No,2
EMP0298,Meera,Nair,Female,58,Quality,Quality Engineer,Bachelor,15,Delhi,Delhi,11-08-18,Permanent,802000,102391,5,55,50,13,Married,Remote,Deepa Mehta,No,No,3
EMP0299,Aditya,Kapoor,Female,28,Purchase,Purchase Executive,MBA,7,Ahmedabad,Gujarat,28-11-16,Intern,504000,51303,5,48,20,15,Single,Office,Vikas Singh,Yes,No,3
EMP0300,Aarav,Jain,Male,30,Purchase,Procurement Manager,Bachelor,9,Indore,Madhya Pradesh,12-01-20,Permanent,654000,88480,3,72,50,29,Married,Hybrid,Anil Shah,No,No,6
EMP0301,Pooja,Patel,Female,29,Marketing,Marketing Manager,MBA,3,Mumbai,Maharashtra,07-01-10,Permanent,402000,17352,3,3,15,13,Married,Remote,Deepa Mehta,No,No,6
EMP0302,Rahul,Mehta,Female,48,Logistics,Logistics Executive,Bachelor,13,Surat,Gujarat,17-06-22,Permanent,752000,98358,2,36,55,21,Single,Office,Rakesh Kumar,No,Yes,1
EMP0303,Rohan,Das,Female,29,IT,Data Analyst,MBA,8,Indore,Madhya Pradesh,20-07-19,Permanent,590000,53767,5,57,24,11,Single,Office,Vikas Singh,Yes,No,1
EMP0304,Rohan,Kulkarni,Male,53,Marketing,Marketing Manager,Diploma,26,Mumbai,Maharashtra,29-09-22,Permanent,1208000,52644,4,10,9,23,Married,Hybrid,Vikas Singh,No,No,9
EMP0305,Aditya,Singh,Female,25,Logistics,Logistics Executive,MBA,4,Jaipur,Rajasthan,30-03-10,Permanent,457000,63398,5,42,26,11,Married,Hybrid,Deepa Mehta,Yes,No,10
EMP0306,Aisha,Kapoor,Female,24,Purchase,Purchase Executive,Master,3,Bengaluru,Karnataka,02-01-24,Permanent,419000,16719,5,9,54,25,Married,Hybrid,Vikas Singh,No,No,3
EMP0307,Diya,Verma,Female,21,IT,Senior Developer,Master,0,Hyderabad,Telangana,07-12-13,Permanent,342000,19953,2,67,55,1,Married,Office,Rakesh Kumar,No,No,10
EMP0308,Rohan,Jain,Female,45,Sales,Sales Executive,Bachelor,24,Hyderabad,Telangana,22-03-11,Permanent,1189000,152601,1,21,29,12,Married,Hybrid,Rakesh Kumar,No,No,9
EMP0309,Rahul,Das,Female,51,Marketing,Marketing Manager,Diploma,9,Delhi,Delhi,27-07-18,Permanent,635000,71085,1,12,58,17,Married,Hybrid,Priya Nair,No,No,5
EMP0310,Diya,Verma,Male,37,Quality,Quality Engineer,Master,16,Indore,Madhya Pradesh,16-05-14,Permanent,899000,101437,2,40,35,0,Single,Office,Vikas Singh,No,Yes,2
EMP0311,Vihaan,Das,Female,43,Sales,Sales Manager,Bachelor,18,Mumbai,Maharashtra,23-11-23,Permanent,958000,104223,2,76,40,3,Single,Office,Sneha Joshi,No,No,3
EMP0312,Pooja,Jain,Male,28,Finance,Finance Analyst,Bachelor,7,Pune,Maharashtra,29-04-24,Permanent,531000,64954,3,32,10,24,Single,Hybrid,Sneha Joshi,No,No,1
EMP0313,Rahul,Joshi,Male,37,Marketing,Marketing Manager,Diploma,11,Surat,Gujarat,09-09-23,Permanent,720000,64114,2,69,49,13,Single,Remote,Deepa Mehta,No,No,8
EMP0314,Diya,Sharma,Male,25,IT,Data Analyst,Diploma,4,Delhi,Delhi,04-05-13,Permanent,390000,55359,4,34,9,22,Married,Hybrid,Deepa Mehta,No,No,9
EMP0315,Rohan,Nair,Female,46,IT,Senior Developer,Diploma,25,Delhi,Delhi,19-09-12,Permanent,1172000,82055,3,51,3,20,Single,Hybrid,Priya Nair,No,No,9
EMP0316,Aditya,Kulkarni,Female,39,Sales,Sales Executive,PhD,11,Surat,Gujarat,14-09-16,Permanent,649000,68582,3,62,5,28,Married,Remote,Rakesh Kumar,No,No,4
EMP0317,Vivaan,Singh,Male,58,Sales,Sales Manager,Diploma,31,Jaipur,Rajasthan,06-06-24,Permanent,1405000,204841,4,2,2,10,Single,Hybrid,Sneha Joshi,No,No,1
EMP0318,Vihaan,Singh,Female,55,Finance,Accountant,Diploma,14,Ahmedabad,Gujarat,19-12-20,Permanent,802000,111367,5,5,15,22,Single,Office,Priya Nair,Yes,No,1
EMP0319,Vihaan,Nair,Male,58,IT,Software Engineer,Bachelor,6,Indore,Madhya Pradesh,12-12-14,Permanent,487000,39518,4,41,7,21,Single,Hybrid,Anil Shah,No,No,4
EMP0320,Pooja,Gupta,Female,25,IT,Senior Developer,Master,4,Ahmedabad,Gujarat,14-08-25,Permanent,412000,34047,5,5,8,3,Married,Office,Anil Shah,Yes,No,8
EMP0321,Aarav,Patel,Male,26,Marketing,Marketing Manager,Master,5,Surat,Gujarat,18-03-13,Permanent,494000,41521,2,22,39,22,Single,Remote,Vikas Singh,No,Yes,8
EMP0322,Aditya,Das,Female,43,Quality,Quality Engineer,Bachelor,0,Jaipur,Rajasthan,23-02-12,Permanent,350000,51945,5,28,29,24,Single,Hybrid,Rakesh Kumar,No,No,1
EMP0323,Vihaan,Jain,Male,51,Purchase,Purchase Executive,Master,11,Mumbai,Maharashtra,19-03-11,Permanent,672000,37061,3,42,39,25,Married,Office,Deepa Mehta,No,No,2
EMP0324,Vivaan,Chopra,Male,31,HR,HR Executive,Diploma,10,Surat,Gujarat,07-03-26,Permanent,676000,46723,2,41,14,24,Single,Hybrid,Deepa Mehta,No,Yes,4
EMP0325,Amit,Kulkarni,Male,45,Sales,Sales Manager,Bachelor,4,Mumbai,Maharashtra,11-10-19,Permanent,470000,39761,4,47,8,14,Single,Remote,Rakesh Kumar,Yes,No,5
EMP0326,Priya,Gupta,Male,57,HR,HR Executive,Diploma,17,Delhi,Delhi,14-04-20,Permanent,945000,67312,3,77,10,25,Single,Remote,Rakesh Kumar,No,No,9
EMP0327,Aditya,Mehta,Female,34,Purchase,Procurement Manager,Diploma,13,Chennai,Tamil Nadu,14-07-15,Permanent,762000,75846,5,19,58,18,Single,Hybrid,Sneha Joshi,No,No,1
EMP0328,Karan,Patel,Female,54,Quality,Quality Engineer,Bachelor,30,Surat,Gujarat,12-11-11,Permanent,1302000,147359,4,27,8,11,Married,Office,Anil Shah,No,No,2
EMP0329,Rohan,Das,Female,31,Purchase,Procurement Manager,Bachelor,1,Ahmedabad,Gujarat,09-10-25,Permanent,334000,35143,1,80,4,12,Married,Remote,Priya Nair,No,Yes,7
EMP0330,Nikhil,Iyer,Male,26,Production,Production Supervisor,MBA,3,Pune,Maharashtra,04-08-18,Permanent,436000,15219,3,22,41,17,Single,Remote,Rakesh Kumar,No,No,4
EMP0331,Priya,Singh,Male,51,Sales,Sales Manager,Bachelor,14,Bengaluru,Karnataka,18-04-21,Permanent,776000,28351,3,44,28,15,Single,Hybrid,Deepa Mehta,No,No,9
EMP0332,Meera,Chopra,Female,49,Production,Production Engineer,MBA,4,Delhi,Delhi,17-12-11,Permanent,413000,26682,1,13,10,8,Single,Remote,Rakesh Kumar,No,Yes,3
EMP0333,Karan,Das,Male,39,Quality,Quality Engineer,Bachelor,18,Chennai,Tamil Nadu,16-12-19,Permanent,883000,57379,1,2,55,25,Single,Remote,Vikas Singh,No,No,7
EMP0334,Priya,Das,Female,52,Logistics,Warehouse Manager,Bachelor,31,Indore,Madhya Pradesh,16-12-12,Contract,1375000,69587,3,29,30,11,Married,Office,Priya Nair,No,No,3
EMP0335,Aisha,Nair,Male,60,Finance,Finance Analyst,Bachelor,34,Ahmedabad,Gujarat,18-11-25,Permanent,1527000,191386,2,30,7,1,Married,Remote,Priya Nair,No,Yes,5
EMP0336,Sai,Singh,Male,41,Production,Production Supervisor,Bachelor,9,Ahmedabad,Gujarat,20-12-21,Permanent,568000,44615,4,18,60,14,Married,Office,Vikas Singh,Yes,No,9
EMP0337,Priya,Das,Female,51,Marketing,Marketing Manager,Bachelor,9,Pune,Maharashtra,30-05-26,Permanent,570000,26637,5,14,19,0,Married,Remote,Priya Nair,No,No,8
EMP0338,Aditya,Joshi,Male,59,Sales,Sales Executive,Master,33,Bengaluru,Karnataka,23-05-14,Permanent,1476000,194735,1,65,25,6,Married,Hybrid,Anil Shah,No,No,9
EMP0339,Neha,Mehta,Male,48,Production,Production Supervisor,Diploma,24,Hyderabad,Telangana,18-11-17,Permanent,1148000,154884,1,27,46,28,Married,Remote,Priya Nair,No,No,8
EMP0340,Sai,Jain,Female,47,Finance,Accountant,Bachelor,5,Delhi,Delhi,13-10-21,Intern,434000,61619,5,48,5,0,Married,Remote,Rakesh Kumar,No,No,7
EMP0341,Meera,Nair,Male,33,Finance,Finance Analyst,Bachelor,12,Mumbai,Maharashtra,09-10-16,Contract,710000,63397,4,28,1,25,Single,Office,Anil Shah,Yes,No,8
EMP0342,Aisha,Mehta,Male,52,Sales,Sales Executive,Master,1,Delhi,Delhi,01-07-11,Permanent,332000,33110,5,55,55,8,Married,Remote,Priya Nair,No,No,2
EMP0343,Karan,Kapoor,Male,37,Finance,Accountant,Bachelor,3,Ahmedabad,Gujarat,06-01-18,Permanent,391000,28676,3,6,18,9,Single,Remote,Deepa Mehta,No,No,4
EMP0344,Sai,Jain,Male,59,Finance,Finance Analyst,MBA,34,Bengaluru,Karnataka,02-02-16,Permanent,1530000,112459,5,74,22,26,Single,Office,Priya Nair,Yes,No,5
EMP0345,Rohan,Mehta,Female,31,IT,Senior Developer,Bachelor,10,Surat,Gujarat,13-07-22,Permanent,669000,87992,5,14,26,14,Single,Office,Sneha Joshi,No,No,1
EMP0346,Neha,Verma,Female,29,Purchase,Procurement Manager,Bachelor,8,Bengaluru,Karnataka,24-08-10,Permanent,546000,30949,2,29,19,4,Single,Office,Deepa Mehta,No,No,7
EMP0347,Vihaan,Sharma,Male,51,Quality,Quality Engineer,Diploma,2,Jaipur,Rajasthan,22-04-23,Permanent,336000,46712,1,8,19,21,Single,Office,Rakesh Kumar,No,No,10
EMP0348,Pooja,Chopra,Male,32,Production,Production Engineer,Diploma,1,Bengaluru,Karnataka,02-01-23,Permanent,306000,40581,5,30,32,18,Single,Office,Anil Shah,No,No,10
EMP0349,Karan,Singh,Male,39,Finance,Accountant,PhD,18,Pune,Maharashtra,20-10-14,Contract,973000,84618,5,23,28,21,Single,Office,Sneha Joshi,No,No,7
EMP0350,Ishaan,Iyer,Male,47,IT,Software Engineer,Bachelor,20,Jaipur,Rajasthan,18-01-13,Permanent,997000,114224,5,5,5,10,Married,Office,Vikas Singh,Yes,No,8
EMP0351,Aisha,Das,Female,35,Logistics,Warehouse Manager,PhD,14,Chennai,Tamil Nadu,27-03-14,Contract,802000,114437,3,22,0,21,Married,Remote,Sneha Joshi,No,No,2
EMP0352,Sneha,Iyer,Male,28,Finance,Finance Analyst,Master,7,Pune,Maharashtra,14-10-13,Permanent,521000,36801,5,51,7,7,Married,Remote,Vikas Singh,Yes,No,10
EMP0353,Diya,Jain,Female,43,Purchase,Procurement Manager,Bachelor,22,Ahmedabad,Gujarat,13-03-20,Permanent,1053000,93423,2,80,60,4,Single,Office,Sneha Joshi,No,No,2
EMP0354,Aarav,Gupta,Female,59,Production,Production Supervisor,Master,9,Pune,Maharashtra,19-09-11,Permanent,633000,77295,4,25,18,21,Married,Hybrid,Priya Nair,No,No,9
EMP0355,Meera,Iyer,Male,23,Quality,QA Manager,Bachelor,2,Chennai,Tamil Nadu,05-12-19,Permanent,324000,16597,3,21,31,13,Single,Hybrid,Sneha Joshi,No,No,7
EMP0356,Vihaan,Reddy,Female,56,Logistics,Warehouse Manager,Bachelor,30,Ahmedabad,Gujarat,13-05-21,Permanent,1335000,119300,4,78,43,11,Married,Hybrid,Anil Shah,Yes,No,10
EMP0357,Arjun,Kulkarni,Female,43,HR,HR Manager,Diploma,21,Hyderabad,Telangana,06-01-18,Permanent,992000,108474,2,30,41,9,Single,Remote,Anil Shah,No,Yes,5
EMP0358,Priya,Gupta,Male,55,Production,Production Supervisor,Master,2,Chennai,Tamil Nadu,28-09-22,Permanent,375000,23248,4,75,1,10,Married,Remote,Priya Nair,No,No,7
EMP0359,Pooja,Sharma,Female,27,Sales,Sales Manager,Bachelor,6,Hyderabad,Telangana,27-09-13,Permanent,508000,74336,2,63,40,27,Single,Remote,Anil Shah,No,Yes,5
EMP0360,Aisha,Reddy,Female,35,IT,IT Manager,Bachelor,6,Indore,Madhya Pradesh,29-11-21,Permanent,487000,34907,1,38,32,25,Married,Hybrid,Rakesh Kumar,No,No,6
EMP0361,Amit,Mehta,Female,60,Logistics,Logistics Executive,MBA,29,Jaipur,Rajasthan,09-03-14,Permanent,1293000,141321,4,34,59,20,Married,Remote,Vikas Singh,No,No,1
EMP0362,Ishaan,Joshi,Female,30,Sales,Sales Manager,MBA,9,Chennai,Tamil Nadu,23-02-17,Contract,573000,60779,4,34,52,9,Single,Hybrid,Sneha Joshi,No,No,4
EMP0363,Ananya,Sharma,Male,33,HR,HR Manager,Bachelor,12,Jaipur,Rajasthan,13-10-19,Permanent,675000,36611,3,17,1,8,Married,Remote,Rakesh Kumar,No,No,9
EMP0364,Vivaan,Kapoor,Female,22,HR,HR Manager,Master,1,Pune,Maharashtra,17-02-19,Contract,373000,40617,1,50,60,26,Single,Office,Anil Shah,No,Yes,9
EMP0365,Karan,Das,Female,52,IT,Software Engineer,Master,15,Hyderabad,Telangana,21-05-17,Contract,872000,66964,2,54,13,4,Single,Office,Sneha Joshi,No,Yes,5
EMP0366,Amit,Verma,Male,52,Logistics,Logistics Executive,Bachelor,23,Chennai,Tamil Nadu,26-08-20,Permanent,1091000,147865,2,46,30,22,Married,Hybrid,Anil Shah,No,Yes,10
EMP0367,Vivaan,Kapoor,Male,37,Logistics,Warehouse Manager,Master,16,Hyderabad,Telangana,15-05-25,Permanent,841000,111784,4,1,58,30,Married,Hybrid,Priya Nair,Yes,No,4
EMP0368,Ishaan,Kulkarni,Male,49,Production,Production Engineer,Bachelor,26,Pune,Maharashtra,10-01-21,Permanent,1214000,171392,3,54,56,29,Single,Office,Vikas Singh,No,No,5
EMP0369,Aditya,Joshi,Female,59,Logistics,Warehouse Manager,Master,20,Mumbai,Maharashtra,21-05-24,Permanent,1033000,85954,2,0,25,6,Married,Hybrid,Rakesh Kumar,No,No,2
EMP0370,Ananya,Iyer,Male,59,Quality,QA Manager,Bachelor,20,Ahmedabad,Gujarat,06-11-15,Permanent,1028000,132830,3,25,5,13,Married,Office,Sneha Joshi,No,No,7
EMP0371,Pooja,Singh,Male,22,Logistics,Logistics Executive,PhD,1,Surat,Gujarat,15-11-15,Permanent,307000,11044,5,54,38,8,Single,Office,Rakesh Kumar,No,No,6
EMP0372,Pooja,Sharma,Male,54,Quality,QA Manager,Diploma,29,Surat,Gujarat,10-04-14,Contract,1300000,83922,4,48,8,13,Single,Remote,Deepa Mehta,Yes,No,5
EMP0373,Ishaan,Mehta,Male,47,Finance,Finance Analyst,PhD,1,Surat,Gujarat,09-11-23,Permanent,318000,23645,4,10,0,15,Single,Hybrid,Deepa Mehta,No,No,7
EMP0374,Ishaan,Kapoor,Female,48,Marketing,Marketing Executive,Bachelor,4,Mumbai,Maharashtra,19-06-17,Contract,452000,62822,5,76,45,23,Single,Office,Sneha Joshi,Yes,No,10
EMP0375,Aisha,Mehta,Female,29,Logistics,Logistics Executive,Bachelor,2,Jaipur,Rajasthan,20-01-21,Contract,381000,17461,3,67,27,4,Married,Office,Anil Shah,No,No,6
EMP0376,Arjun,Nair,Female,44,Quality,QA Manager,Master,18,Bengaluru,Karnataka,06-08-21,Permanent,902000,61214,4,19,35,27,Married,Office,Rakesh Kumar,Yes,No,1
EMP0377,Sai,Patel,Female,37,Finance,Finance Analyst,Diploma,16,Delhi,Delhi,01-12-10,Permanent,903000,87864,4,63,7,27,Single,Office,Priya Nair,Yes,No,4
EMP0378,Sai,Kulkarni,Male,53,Marketing,Marketing Executive,Bachelor,13,Indore,Madhya Pradesh,19-01-14,Permanent,715000,42570,4,12,56,10,Single,Hybrid,Sneha Joshi,No,No,2
EMP0379,Neha,Reddy,Male,41,Finance,Accountant,Bachelor,1,Delhi,Delhi,08-03-20,Permanent,320000,32417,1,42,2,20,Married,Hybrid,Rakesh Kumar,No,No,10
EMP0380,Ishaan,Kulkarni,Male,39,Production,Production Engineer,Bachelor,3,Indore,Madhya Pradesh,22-07-18,Permanent,388000,19928,4,11,1,27,Single,Office,Sneha Joshi,No,No,7
EMP0381,Aisha,Das,Male,28,Marketing,Marketing Manager,Master,7,Bengaluru,Karnataka,13-05-25,Permanent,542000,59545,3,65,12,15,Married,Hybrid,Priya Nair,No,No,8
EMP0382,Pooja,Reddy,Female,26,Quality,Quality Engineer,Bachelor,5,Chennai,Tamil Nadu,01-02-12,Permanent,470000,68993,2,19,59,15,Single,Hybrid,Sneha Joshi,No,No,2
EMP0383,Aisha,Gupta,Male,40,Sales,Sales Manager,Bachelor,19,Mumbai,Maharashtra,11-05-22,Permanent,921000,84373,5,54,26,3,Married,Remote,Priya Nair,No,No,5
EMP0384,Diya,Reddy,Male,53,HR,HR Manager,Bachelor,7,Ahmedabad,Gujarat,25-10-18,Permanent,550000,74366,3,40,37,23,Married,Remote,Vikas Singh,No,No,8
EMP0385,Diya,Joshi,Male,34,Finance,Finance Manager,PhD,5,Bengaluru,Karnataka,07-02-25,Permanent,495000,15914,4,14,0,5,Married,Hybrid,Deepa Mehta,No,No,10
EMP0386,Rohan,Verma,Female,46,Marketing,Marketing Executive,Diploma,5,Surat,Gujarat,05-07-12,Contract,516000,75575,1,26,30,20,Single,Remote,Rakesh Kumar,No,Yes,9
EMP0387,Aditya,Verma,Female,30,Purchase,Purchase Executive,Diploma,9,Ahmedabad,Gujarat,04-10-25,Permanent,629000,54458,4,74,15,6,Married,Remote,Anil Shah,No,No,7
EMP0388,Priya,Patel,Male,48,Quality,QA Manager,Diploma,27,Chennai,Tamil Nadu,26-11-20,Permanent,1290000,133359,4,29,45,1,Single,Hybrid,Anil Shah,No,No,9
EMP0389,Diya,Chopra,Female,51,IT,IT Manager,Bachelor,30,Chennai,Tamil Nadu,20-06-10,Permanent,1395000,74024,3,56,14,16,Single,Remote,Vikas Singh,No,No,6
EMP0390,Sneha,Gupta,Female,45,Quality,QA Manager,Master,23,Ahmedabad,Gujarat,13-12-23,Permanent,1146000,137417,4,16,11,6,Single,Remote,Sneha Joshi,Yes,No,7
EMP0391,Aisha,Singh,Male,56,HR,HR Manager,MBA,1,Hyderabad,Telangana,08-03-25,Permanent,351000,11877,1,43,27,3,Single,Office,Priya Nair,No,No,8
EMP0392,Priya,Jain,Female,23,Logistics,Logistics Executive,MBA,2,Jaipur,Rajasthan,22-07-23,Permanent,413000,14889,4,58,53,24,Single,Office,Vikas Singh,No,No,10
EMP0393,Vihaan,Kulkarni,Male,53,IT,Software Engineer,MBA,10,Hyderabad,Telangana,10-07-13,Permanent,693000,57507,5,63,46,27,Single,Office,Rakesh Kumar,No,No,6
EMP0394,Vihaan,Kulkarni,Male,49,Quality,Quality Engineer,MBA,0,Delhi,Delhi,28-08-17,Permanent,272000,10942,3,53,23,20,Single,Office,Sneha Joshi,No,No,9
EMP0395,Ananya,Gupta,Female,47,Quality,QA Manager,MBA,26,Delhi,Delhi,07-04-13,Contract,1254000,158944,1,10,21,10,Married,Office,Anil Shah,No,No,7
EMP0396,Arjun,Chopra,Male,54,Marketing,Marketing Manager,MBA,26,Jaipur,Rajasthan,29-10-16,Permanent,1201000,167068,1,35,57,16,Single,Remote,Vikas Singh,No,No,4
EMP0397,Nikhil,Jain,Female,43,Quality,QA Manager,Diploma,12,Jaipur,Rajasthan,03-07-17,Permanent,764000,90768,2,66,34,9,Single,Office,Vikas Singh,No,No,5
EMP0398,Priya,Jain,Male,22,HR,HR Manager,Bachelor,1,Bengaluru,Karnataka,18-04-26,Permanent,351000,15182,1,47,16,20,Married,Office,Sneha Joshi,No,Yes,2
EMP0399,Aisha,Reddy,Male,50,Production,Production Engineer,Bachelor,15,Bengaluru,Karnataka,16-12-24,Contract,869000,85798,2,48,33,23,Single,Office,Rakesh Kumar,No,No,10
EMP0400,Neha,Nair,Male,30,Quality,Quality Engineer,Diploma,9,Chennai,Tamil Nadu,01-12-12,Permanent,623000,24527,5,51,37,17,Married,Hybrid,Sneha Joshi,No,No,7
EMP0401,Rohan,Kapoor,Female,31,Finance,Accountant,Bachelor,10,Delhi,Delhi,25-11-12,Intern,667000,89106,1,27,29,15,Single,Remote,Priya Nair,No,Yes,9
EMP0402,Vihaan,Reddy,Female,28,IT,IT Manager,Diploma,7,Ahmedabad,Gujarat,22-08-12,Permanent,544000,36117,4,3,50,4,Single,Remote,Priya Nair,Yes,No,5
EMP0403,Ishaan,Gupta,Female,21,IT,IT Manager,Diploma,0,Mumbai,Maharashtra,14-05-19,Permanent,291000,28486,3,48,30,26,Single,Office,Deepa Mehta,No,No,9
EMP0404,Sneha,Jain,Female,49,Finance,Accountant,Master,20,Indore,Madhya Pradesh,10-03-19,Permanent,1002000,70821,1,56,47,8,Single,Office,Deepa Mehta,No,No,10
EMP0405,Aisha,Iyer,Male,56,IT,Software Engineer,PhD,12,Jaipur,Rajasthan,01-04-14,Contract,736000,101291,1,68,11,30,Single,Hybrid,Deepa Mehta,No,No,4
EMP0406,Pooja,Nair,Male,55,Production,Production Engineer,Bachelor,25,Mumbai,Maharashtra,16-08-17,Permanent,1179000,38774,5,40,24,8,Single,Office,Rakesh Kumar,No,No,9
EMP0407,Aisha,Gupta,Male,37,IT,IT Manager,PhD,9,Ahmedabad,Gujarat,28-04-11,Permanent,608000,31479,1,38,24,3,Married,Office,Priya Nair,No,No,6
EMP0408,Rahul,Kulkarni,Male,24,Sales,Sales Executive,Bachelor,3,Jaipur,Rajasthan,21-08-18,Contract,390000,14538,4,70,26,2,Married,Office,Deepa Mehta,No,No,7
EMP0409,Ananya,Chopra,Male,38,Logistics,Logistics Executive,Master,6,Ahmedabad,Gujarat,31-10-16,Permanent,518000,20756,5,26,50,30,Single,Hybrid,Rakesh Kumar,No,No,3
EMP0410,Meera,Mehta,Female,23,HR,HR Manager,Master,2,Ahmedabad,Gujarat,05-01-10,Permanent,383000,24051,3,48,22,26,Single,Remote,Priya Nair,No,No,9
EMP0411,Vivaan,Gupta,Male,40,IT,Software Engineer,MBA,19,Jaipur,Rajasthan,08-04-16,Contract,943000,97368,3,43,40,8,Married,Hybrid,Deepa Mehta,No,No,4
EMP0412,Priya,Joshi,Male,50,Production,Production Engineer,Master,1,Mumbai,Maharashtra,28-08-23,Permanent,286000,31667,4,71,57,22,Married,Hybrid,Anil Shah,No,No,9
EMP0413,Aditya,Iyer,Male,49,IT,Data Analyst,MBA,22,Hyderabad,Telangana,04-09-18,Permanent,1111000,164490,1,59,23,29,Single,Hybrid,Priya Nair,No,Yes,1
EMP0414,Neha,Singh,Male,60,Marketing,Marketing Executive,PhD,14,Hyderabad,Telangana,29-10-10,Permanent,832000,95544,2,0,12,26,Married,Office,Vikas Singh,No,No,10
EMP0415,Rohan,Gupta,Male,57,Finance,Finance Manager,Diploma,4,Pune,Maharashtra,09-11-12,Permanent,465000,61686,5,35,12,27,Single,Remote,Priya Nair,No,No,10
EMP0416,Meera,Chopra,Female,21,Quality,QA Manager,Bachelor,0,Chennai,Tamil Nadu,23-02-16,Permanent,318000,27345,3,66,48,1,Single,Office,Sneha Joshi,No,No,5
EMP0417,Meera,Nair,Female,21,Quality,QA Manager,Diploma,0,Indore,Madhya Pradesh,27-07-10,Intern,280000,41264,4,9,58,7,Single,Office,Priya Nair,No,No,6
EMP0418,Aditya,Das,Male,22,Purchase,Purchase Executive,Bachelor,1,Hyderabad,Telangana,14-08-15,Permanent,347000,20335,3,6,52,10,Single,Office,Vikas Singh,No,No,10
EMP0419,Sneha,Jain,Male,49,IT,Software Engineer,MBA,5,Chennai,Tamil Nadu,10-01-17,Contract,516000,19507,2,7,58,25,Married,Office,Anil Shah,No,No,7
EMP0420,Vihaan,Das,Male,56,HR,HR Manager,Bachelor,18,Indore,Madhya Pradesh,22-03-19,Permanent,959000,119393,5,1,29,12,Married,Hybrid,Anil Shah,No,No,10
EMP0421,Priya,Das,Male,50,Logistics,Logistics Executive,Diploma,21,Mumbai,Maharashtra,08-05-23,Permanent,1063000,132588,2,73,8,20,Married,Hybrid,Sneha Joshi,No,No,10
EMP0422,Sai,Singh,Male,23,HR,HR Manager,Bachelor,2,Jaipur,Rajasthan,13-08-24,Contract,361000,36114,5,18,9,15,Married,Remote,Priya Nair,No,No,6
EMP0423,Neha,Patel,Male,24,Sales,Sales Executive,Bachelor,3,Surat,Gujarat,30-06-14,Permanent,381000,47332,3,24,42,15,Married,Remote,Vikas Singh,No,No,6
EMP0424,Pooja,Joshi,Female,47,Production,Production Engineer,Bachelor,10,Mumbai,Maharashtra,14-02-21,Permanent,600000,63991,2,59,39,6,Single,Hybrid,Deepa Mehta,No,No,6
EMP0425,Rahul,Singh,Female,32,HR,HR Executive,Diploma,11,Mumbai,Maharashtra,11-06-22,Permanent,673000,55757,5,46,2,0,Single,Office,Priya Nair,Yes,No,4
EMP0426,Sai,Joshi,Male,32,Sales,Sales Executive,MBA,1,Pune,Maharashtra,21-06-10,Contract,303000,22868,1,43,59,6,Married,Hybrid,Deepa Mehta,No,Yes,6
EMP0427,Sai,Iyer,Female,25,IT,Senior Developer,Master,4,Surat,Gujarat,11-12-21,Permanent,439000,29920,4,31,58,1,Single,Remote,Priya Nair,Yes,No,3
EMP0428,Ananya,Patel,Female,29,Logistics,Logistics Executive,Master,8,Delhi,Delhi,18-11-24,Permanent,552000,50251,5,47,31,16,Married,Office,Vikas Singh,Yes,No,6
EMP0429,Rohan,Kapoor,Female,51,Marketing,Marketing Executive,Bachelor,25,Surat,Gujarat,21-02-20,Contract,1177000,66184,4,48,36,5,Married,Hybrid,Anil Shah,No,No,3
EMP0430,Aisha,Nair,Female,35,HR,HR Manager,Bachelor,14,Delhi,Delhi,14-09-19,Permanent,805000,54774,4,3,11,14,Single,Hybrid,Anil Shah,No,No,6
EMP0431,Aisha,Kulkarni,Male,38,Sales,Sales Executive,Diploma,6,Mumbai,Maharashtra,01-04-22,Permanent,486000,53952,3,38,47,26,Married,Office,Rakesh Kumar,No,No,10
EMP0432,Meera,Chopra,Female,21,Marketing,Marketing Manager,Master,0,Chennai,Tamil Nadu,06-02-19,Contract,349000,37914,4,65,48,30,Single,Hybrid,Rakesh Kumar,No,No,4
EMP0433,Ishaan,Nair,Male,54,Logistics,Warehouse Manager,Bachelor,29,Pune,Maharashtra,08-01-17,Contract,1321000,161711,4,26,28,14,Single,Hybrid,Priya Nair,Yes,No,3
EMP0434,Aarav,Nair,Female,42,Sales,Sales Manager,Master,21,Chennai,Tamil Nadu,27-06-25,Permanent,1028000,103247,5,4,59,4,Single,Hybrid,Vikas Singh,No,No,10
EMP0435,Pooja,Kulkarni,Female,45,Sales,Sales Executive,Bachelor,24,Surat,Gujarat,25-08-20,Permanent,1165000,169429,3,11,10,3,Single,Office,Sneha Joshi,No,No,10
EMP0436,Aarav,Gupta,Male,25,Quality,Quality Engineer,Bachelor,4,Jaipur,Rajasthan,28-07-11,Permanent,438000,40394,2,41,55,29,Married,Hybrid,Rakesh Kumar,No,Yes,2
EMP0437,Meera,Mehta,Female,25,Quality,Quality Engineer,MBA,4,Bengaluru,Karnataka,11-09-19,Contract,477000,41486,5,73,60,9,Single,Remote,Priya Nair,No,No,8
EMP0438,Ishaan,Patel,Male,49,IT,Senior Developer,Bachelor,25,Indore,Madhya Pradesh,04-01-21,Permanent,1201000,41663,1,36,41,28,Married,Hybrid,Sneha Joshi,No,No,5
EMP0439,Nikhil,Kulkarni,Male,47,Sales,Sales Manager,Bachelor,11,Ahmedabad,Gujarat,01-09-25,Permanent,687000,78206,1,30,56,27,Single,Hybrid,Priya Nair,No,No,9
EMP0440,Aditya,Kapoor,Male,52,Quality,Quality Engineer,PhD,31,Pune,Maharashtra,11-05-12,Permanent,1378000,109153,2,32,13,16,Single,Hybrid,Sneha Joshi,No,Yes,8
EMP0441,Priya,Kapoor,Female,33,Quality,Quality Engineer,Bachelor,2,Ahmedabad,Gujarat,03-05-17,Permanent,381000,33593,1,10,35,21,Single,Remote,Sneha Joshi,No,No,3
EMP0442,Diya,Kulkarni,Male,31,HR,HR Executive,Bachelor,6,Jaipur,Rajasthan,07-10-18,Permanent,548000,66654,3,19,28,11,Single,Office,Deepa Mehta,No,No,1
EMP0443,Meera,Singh,Female,24,Logistics,Warehouse Manager,Master,3,Delhi,Delhi,06-03-11,Permanent,361000,44291,2,31,23,29,Single,Office,Anil Shah,No,Yes,7
EMP0444,Aarav,Joshi,Male,25,Sales,Sales Executive,Master,4,Mumbai,Maharashtra,29-04-19,Permanent,433000,29756,2,79,13,29,Married,Hybrid,Anil Shah,No,Yes,4
EMP0445,Neha,Joshi,Male,21,Quality,Quality Engineer,Bachelor,0,Delhi,Delhi,09-12-14,Permanent,286000,30886,3,5,4,28,Single,Hybrid,Vikas Singh,No,No,5
EMP0446,Rohan,Sharma,Male,37,IT,Data Analyst,Master,16,Ahmedabad,Gujarat,13-06-17,Permanent,910000,123829,3,61,4,10,Single,Remote,Sneha Joshi,No,No,10
EMP0447,Rahul,Iyer,Male,53,HR,HR Executive,Master,14,Pune,Maharashtra,05-12-16,Permanent,796000,96212,5,10,3,4,Married,Hybrid,Sneha Joshi,Yes,No,3
EMP0448,Ishaan,Das,Male,36,Purchase,Purchase Executive,Bachelor,15,Mumbai,Maharashtra,06-09-21,Contract,829000,89338,3,3,14,27,Married,Hybrid,Rakesh Kumar,No,No,4
EMP0449,Meera,Patel,Male,35,Quality,QA Manager,Bachelor,14,Mumbai,Maharashtra,14-06-11,Contract,749000,108185,1,18,60,6,Single,Office,Rakesh Kumar,No,Yes,9
EMP0450,Ananya,Iyer,Male,48,Purchase,Purchase Executive,Master,19,Surat,Gujarat,06-07-19,Permanent,948000,62921,5,57,40,6,Married,Hybrid,Sneha Joshi,Yes,No,6
EMP0451,Rahul,Gupta,Female,49,Quality,QA Manager,Master,28,Delhi,Delhi,12-06-10,Contract,1286000,170376,3,76,34,4,Single,Hybrid,Sneha Joshi,No,No,7
EMP0452,Aisha,Nair,Female,45,Logistics,Logistics Executive,Bachelor,24,Delhi,Delhi,23-05-14,Permanent,1115000,34009,5,47,31,12,Married,Hybrid,Sneha Joshi,No,No,6
EMP0453,Rohan,Verma,Male,47,HR,HR Manager,MBA,7,Ahmedabad,Gujarat,11-05-14,Contract,528000,64708,3,65,45,15,Married,Remote,Deepa Mehta,No,No,1
EMP0454,Rahul,Chopra,Female,36,Sales,Sales Executive,MBA,15,Hyderabad,Telangana,25-02-24,Permanent,779000,88570,2,33,38,14,Single,Hybrid,Deepa Mehta,No,Yes,10
EMP0455,Sai,Patel,Male,26,Quality,Quality Engineer,Bachelor,5,Surat,Gujarat,27-06-19,Permanent,481000,29026,3,64,34,21,Married,Remote,Deepa Mehta,No,No,5
EMP0456,Amit,Jain,Male,27,Production,Production Supervisor,Master,6,Chennai,Tamil Nadu,05-09-25,Permanent,482000,61680,1,12,4,24,Married,Remote,Deepa Mehta,No,No,5
EMP0457,Amit,Gupta,Male,44,Finance,Accountant,Bachelor,8,Jaipur,Rajasthan,22-06-12,Permanent,558000,29170,1,23,51,24,Single,Hybrid,Sneha Joshi,No,No,7
EMP0458,Nikhil,Sharma,Male,26,Marketing,Marketing Manager,Diploma,5,Pune,Maharashtra,03-09-17,Permanent,456000,39831,1,1,3,8,Single,Remote,Anil Shah,No,No,1
EMP0459,Ishaan,Iyer,Male,45,Logistics,Warehouse Manager,Bachelor,17,Hyderabad,Telangana,23-07-23,Permanent,894000,99970,3,40,52,7,Married,Remote,Sneha Joshi,No,No,7
EMP0460,Nikhil,Patel,Female,42,IT,Data Analyst,MBA,0,Chennai,Tamil Nadu,08-04-26,Contract,268000,8866,1,67,17,30,Single,Hybrid,Vikas Singh,No,No,8
EMP0461,Amit,Das,Male,21,Production,Production Supervisor,MBA,0,Hyderabad,Telangana,16-03-25,Permanent,330000,29088,5,10,22,13,Married,Remote,Deepa Mehta,No,No,2
EMP0462,Rahul,Verma,Male,30,Logistics,Logistics Executive,Diploma,9,Pune,Maharashtra,04-10-16,Contract,637000,94573,4,21,57,14,Single,Hybrid,Rakesh Kumar,No,No,4
EMP0463,Ishaan,Gupta,Male,27,Quality,Quality Engineer,MBA,1,Hyderabad,Telangana,08-08-18,Contract,314000,36519,4,15,42,4,Married,Office,Rakesh Kumar,No,No,6
EMP0464,Pooja,Jain,Male,42,Quality,QA Manager,MBA,21,Surat,Gujarat,24-10-15,Permanent,996000,43192,3,75,59,6,Single,Remote,Rakesh Kumar,No,No,6
EMP0465,Priya,Mehta,Male,40,HR,HR Executive,MBA,19,Chennai,Tamil Nadu,03-03-17,Contract,1004000,142639,2,66,42,19,Single,Office,Sneha Joshi,No,No,9
EMP0466,Priya,Gupta,Female,35,Purchase,Purchase Executive,Master,14,Ahmedabad,Gujarat,03-12-24,Contract,832000,28389,3,39,32,22,Single,Hybrid,Sneha Joshi,No,No,10
EMP0467,Ishaan,Nair,Female,45,HR,HR Executive,MBA,21,Surat,Gujarat,18-01-15,Permanent,992000,139653,2,62,46,12,Married,Remote,Anil Shah,No,No,3
EMP0468,Meera,Mehta,Female,48,Purchase,Procurement Manager,Bachelor,22,Jaipur,Rajasthan,20-04-26,Permanent,1111000,156393,5,50,6,4,Married,Remote,Deepa Mehta,No,No,1
EMP0469,Aisha,Nair,Male,57,Finance,Finance Manager,Bachelor,28,Ahmedabad,Gujarat,15-09-14,Permanent,1328000,71020,1,46,46,27,Single,Remote,Sneha Joshi,No,No,3
EMP0470,Amit,Das,Male,24,IT,Data Analyst,Bachelor,3,Mumbai,Maharashtra,19-08-12,Intern,440000,31072,4,19,40,23,Married,Office,Anil Shah,No,No,1
EMP0471,Ananya,Mehta,Female,40,Finance,Finance Manager,PhD,19,Pune,Maharashtra,26-05-20,Contract,1000000,75852,4,47,0,3,Single,Office,Rakesh Kumar,Yes,No,9
EMP0472,Aarav,Reddy,Female,38,IT,Data Analyst,Bachelor,11,Chennai,Tamil Nadu,10-09-16,Permanent,648000,44730,5,23,25,26,Single,Hybrid,Vikas Singh,No,No,9
EMP0473,Rohan,Sharma,Male,34,IT,Senior Developer,Diploma,11,Delhi,Delhi,18-01-17,Permanent,652000,64554,2,11,35,8,Single,Office,Priya Nair,No,No,9
EMP0474,Neha,Iyer,Male,48,HR,HR Manager,Diploma,15,Jaipur,Rajasthan,31-07-16,Permanent,833000,38970,4,40,33,29,Married,Remote,Deepa Mehta,No,No,4
EMP0475,Vihaan,Das,Male,36,HR,HR Executive,Bachelor,12,Surat,Gujarat,04-01-13,Permanent,698000,70508,3,16,46,19,Married,Office,Priya Nair,No,No,9
EMP0476,Diya,Mehta,Male,46,Purchase,Procurement Manager,Master,5,Ahmedabad,Gujarat,08-01-22,Permanent,508000,59904,2,47,36,21,Single,Hybrid,Sneha Joshi,No,No,6
EMP0477,Rahul,Patel,Male,25,Marketing,Marketing Executive,Master,4,Chennai,Tamil Nadu,25-06-11,Permanent,402000,29562,3,34,9,27,Single,Hybrid,Anil Shah,No,No,1
EMP0478,Rahul,Singh,Female,27,IT,IT Manager,Bachelor,6,Delhi,Delhi,22-02-12,Permanent,552000,54460,3,70,17,19,Single,Office,Priya Nair,No,No,3
EMP0479,Rahul,Gupta,Female,55,Logistics,Warehouse Manager,Bachelor,25,Bengaluru,Karnataka,19-03-10,Permanent,1218000,59267,2,18,24,18,Married,Office,Deepa Mehta,No,No,6
EMP0480,Ananya,Das,Female,50,Finance,Finance Analyst,Master,28,Jaipur,Rajasthan,07-06-16,Permanent,1286000,118918,2,39,40,27,Single,Hybrid,Anil Shah,No,No,6
EMP0481,Aditya,Sharma,Male,26,Finance,Accountant,Master,3,Jaipur,Rajasthan,20-01-21,Contract,356000,51784,4,65,59,23,Single,Hybrid,Vikas Singh,No,No,8
EMP0482,Meera,Kapoor,Male,46,HR,HR Executive,Master,12,Jaipur,Rajasthan,27-09-17,Permanent,767000,83864,5,77,2,19,Married,Office,Rakesh Kumar,No,No,9
EMP0483,Sai,Sharma,Female,29,Logistics,Logistics Executive,Bachelor,8,Chennai,Tamil Nadu,28-10-13,Permanent,545000,38452,2,69,54,24,Single,Hybrid,Priya Nair,No,No,5
EMP0484,Ishaan,Patel,Female,34,Marketing,Marketing Executive,MBA,13,Indore,Madhya Pradesh,13-12-20,Permanent,706000,73328,3,38,22,3,Single,Hybrid,Sneha Joshi,No,No,3
EMP0485,Neha,Patel,Male,48,Purchase,Purchase Executive,Bachelor,12,Ahmedabad,Gujarat,19-03-19,Permanent,734000,22629,3,28,30,12,Married,Hybrid,Sneha Joshi,No,No,6
EMP0486,Sai,Iyer,Female,27,Purchase,Purchase Executive,Diploma,6,Chennai,Tamil Nadu,17-02-10,Permanent,553000,29760,2,36,2,4,Married,Hybrid,Rakesh Kumar,No,No,1
EMP0487,Ishaan,Nair,Female,28,Quality,QA Manager,Master,7,Ahmedabad,Gujarat,15-04-17,Contract,547000,49352,4,16,7,30,Single,Office,Vikas Singh,Yes,No,6
EMP0488,Aarav,Jain,Male,24,Production,Production Engineer,Bachelor,3,Bengaluru,Karnataka,30-04-16,Permanent,455000,37071,5,19,46,16,Single,Office,Anil Shah,No,No,5
EMP0489,Diya,Kapoor,Male,48,Sales,Sales Executive,Master,27,Jaipur,Rajasthan,16-09-23,Permanent,1272000,134157,2,29,7,4,Married,Office,Rakesh Kumar,No,No,4
EMP0490,Amit,Patel,Male,26,HR,HR Manager,Bachelor,5,Surat,Gujarat,22-12-14,Permanent,488000,18233,4,6,19,3,Married,Hybrid,Deepa Mehta,Yes,No,6
EMP0491,Amit,Singh,Female,24,Finance,Accountant,Diploma,2,Hyderabad,Telangana,03-10-14,Permanent,357000,49629,1,55,11,8,Married,Hybrid,Anil Shah,No,No,2
EMP0492,Aarav,Das,Male,42,Production,Production Supervisor,Bachelor,21,Bengaluru,Karnataka,17-09-14,Permanent,996000,135917,2,80,47,19,Single,Office,Rakesh Kumar,No,No,4
EMP0493,Sneha,Chopra,Male,25,Logistics,Warehouse Manager,Master,4,Surat,Gujarat,19-12-21,Permanent,396000,17955,4,70,45,8,Married,Hybrid,Sneha Joshi,Yes,No,2
EMP0494,Aditya,Nair,Female,54,Logistics,Logistics Executive,Bachelor,1,Ahmedabad,Gujarat,30-06-16,Permanent,359000,13389,2,50,31,21,Single,Office,Sneha Joshi,No,No,9
EMP0495,Meera,Jain,Female,46,Marketing,Marketing Executive,Diploma,13,Indore,Madhya Pradesh,20-11-14,Permanent,706000,95662,5,58,32,22,Married,Hybrid,Deepa Mehta,No,No,5
EMP0496,Diya,Iyer,Male,31,Sales,Sales Executive,Bachelor,2,Ahmedabad,Gujarat,25-03-16,Contract,355000,47856,1,31,52,6,Single,Office,Priya Nair,No,No,10
EMP0497,Priya,Sharma,Female,29,Quality,QA Manager,PhD,8,Mumbai,Maharashtra,22-12-17,Permanent,567000,29035,1,68,42,27,Single,Remote,Deepa Mehta,No,No,7
EMP0498,Diya,Kulkarni,Male,49,Sales,Sales Manager,Bachelor,20,Chennai,Tamil Nadu,29-06-13,Permanent,1046000,122543,3,18,57,15,Single,Hybrid,Sneha Joshi,No,No,3
EMP0499,Sai,Kulkarni,Male,33,Purchase,Procurement Manager,Diploma,11,Ahmedabad,Gujarat,26-12-13,Contract,725000,74631,1,18,4,13,Single,Hybrid,Anil Shah,No,No,7
EMP0500,Karan,Gupta,Male,59,IT,Data Analyst,Diploma,24,Mumbai,Maharashtra,15-06-24,Contract,1107000,66200,1,34,9,30,Single,Office,Vikas Singh,No,No,2
EMP0501,Priya,Kulkarni,Male,33,Finance,Finance Manager,MBA,12,Ahmedabad,Gujarat,23-11-16,Permanent,690000,40887,5,34,40,17,Single,Office,Vikas Singh,No,No,2
EMP0502,Aisha,Sharma,Female,30,HR,HR Executive,Bachelor,9,Chennai,Tamil Nadu,22-04-13,Permanent,603000,34435,4,14,31,5,Single,Office,Priya Nair,Yes,No,5
EMP0503,Aditya,Reddy,Female,28,Production,Production Engineer,Master,5,Ahmedabad,Gujarat,13-08-19,Permanent,504000,26089,4,19,57,21,Married,Remote,Anil Shah,No,No,6
EMP0504,Diya,Chopra,Female,44,Marketing,Marketing Executive,MBA,4,Ahmedabad,Gujarat,16-09-24,Permanent,409000,31441,4,8,7,18,Married,Remote,Priya Nair,Yes,No,2
EMP0505,Arjun,Gupta,Female,43,Production,Production Supervisor,Bachelor,22,Chennai,Tamil Nadu,01-07-23,Contract,1064000,49568,2,49,26,17,Married,Remote,Vikas Singh,No,No,9
EMP0506,Ananya,Mehta,Male,58,Quality,Quality Engineer,Master,33,Surat,Gujarat,11-02-18,Permanent,1407000,103397,4,17,58,3,Single,Hybrid,Priya Nair,Yes,No,3
EMP0507,Sneha,Gupta,Female,36,Sales,Sales Executive,Master,14,Pune,Maharashtra,09-08-25,Permanent,789000,93078,4,47,3,22,Single,Remote,Vikas Singh,No,No,8
EMP0508,Sai,Patel,Male,44,Finance,Accountant,Diploma,5,Indore,Madhya Pradesh,05-05-19,Permanent,449000,38781,2,67,44,30,Married,Hybrid,Sneha Joshi,No,No,6
EMP0509,Aarav,Verma,Male,30,HR,HR Executive,Bachelor,2,Mumbai,Maharashtra,22-11-18,Contract,409000,58810,4,70,45,26,Married,Remote,Priya Nair,No,No,9
EMP0510,Ananya,Mehta,Male,38,IT,Data Analyst,PhD,17,Ahmedabad,Gujarat,02-10-14,Permanent,852000,47941,2,71,38,26,Single,Remote,Deepa Mehta,No,No,6
EMP0511,Rahul,Kulkarni,Female,31,HR,HR Manager,Bachelor,10,Pune,Maharashtra,05-05-12,Permanent,679000,83826,3,3,15,9,Single,Remote,Anil Shah,No,No,2
EMP0512,Ishaan,Reddy,Male,40,Sales,Sales Executive,Master,19,Mumbai,Maharashtra,23-05-15,Permanent,990000,96798,5,61,2,1,Married,Office,Priya Nair,No,No,1
EMP0513,Aisha,Mehta,Male,41,Quality,Quality Engineer,Master,20,Pune,Maharashtra,07-06-17,Permanent,1047000,94680,5,19,1,18,Married,Hybrid,Priya Nair,No,No,1
EMP0514,Sai,Gupta,Female,26,IT,Senior Developer,MBA,5,Ahmedabad,Gujarat,12-02-26,Permanent,491000,45150,5,66,59,24,Married,Hybrid,Priya Nair,No,No,6
EMP0515,Neha,Reddy,Female,23,Quality,Quality Engineer,PhD,2,Indore,Madhya Pradesh,07-09-11,Intern,394000,41502,4,12,51,0,Single,Hybrid,Anil Shah,No,No,9
EMP0516,Rohan,Sharma,Female,41,Finance,Accountant,Diploma,18,Indore,Madhya Pradesh,24-02-18,Permanent,889000,45786,4,33,30,8,Married,Remote,Vikas Singh,No,No,2
EMP0517,Rohan,Patel,Female,39,Quality,Quality Engineer,Bachelor,18,Jaipur,Rajasthan,04-01-24,Intern,929000,37178,4,64,28,8,Single,Remote,Deepa Mehta,No,No,1
EMP0518,Ananya,Kapoor,Male,30,IT,Data Analyst,Bachelor,9,Chennai,Tamil Nadu,21-08-11,Permanent,626000,69047,3,59,29,20,Married,Office,Rakesh Kumar,No,No,2
EMP0519,Vihaan,Chopra,Female,48,Sales,Sales Manager,Diploma,25,Hyderabad,Telangana,22-07-23,Permanent,1217000,144767,1,35,29,1,Single,Hybrid,Priya Nair,No,Yes,4
EMP0520,Pooja,Patel,Female,24,Production,Production Supervisor,Bachelor,3,Surat,Gujarat,07-07-10,Intern,445000,35934,3,22,5,4,Single,Hybrid,Anil Shah,No,No,7
EMP0521,Aisha,Kulkarni,Female,47,Logistics,Warehouse Manager,Bachelor,13,Mumbai,Maharashtra,28-01-12,Contract,761000,54063,3,21,12,11,Married,Hybrid,Vikas Singh,No,No,8
EMP0522,Sai,Kapoor,Female,43,Quality,Quality Engineer,Diploma,0,Indore,Madhya Pradesh,30-10-23,Permanent,337000,49999,3,1,9,28,Married,Office,Priya Nair,No,No,8
EMP0523,Vihaan,Jain,Female,37,Logistics,Warehouse Manager,MBA,0,Ahmedabad,Gujarat,24-03-24,Permanent,326000,13592,2,24,26,22,Single,Remote,Rakesh Kumar,No,No,6
EMP0524,Ishaan,Das,Male,44,Production,Production Supervisor,MBA,1,Jaipur,Rajasthan,18-10-12,Permanent,370000,55458,4,52,22,11,Married,Remote,Anil Shah,No,No,6
EMP0525,Sai,Nair,Female,44,Finance,Finance Manager,Bachelor,23,Chennai,Tamil Nadu,23-07-18,Permanent,1141000,128506,4,36,44,19,Single,Office,Anil Shah,No,No,2
EMP0526,Aarav,Reddy,Female,27,Purchase,Purchase Executive,Master,6,Jaipur,Rajasthan,14-01-23,Contract,548000,35504,4,27,14,24,Married,Remote,Sneha Joshi,Yes,No,4
EMP0527,Vihaan,Joshi,Female,47,Quality,QA Manager,Master,0,Jaipur,Rajasthan,12-05-16,Permanent,336000,20745,4,30,0,28,Married,Office,Anil Shah,No,No,1
EMP0528,Arjun,Jain,Female,54,Production,Production Engineer,PhD,21,Chennai,Tamil Nadu,05-06-15,Permanent,1036000,55032,4,6,51,29,Married,Office,Deepa Mehta,No,No,7
EMP0529,Sai,Mehta,Female,54,Finance,Accountant,Diploma,27,Ahmedabad,Gujarat,23-04-21,Permanent,1271000,157749,3,70,10,30,Married,Office,Anil Shah,No,No,2
EMP0530,Aarav,Mehta,Male,58,Finance,Finance Manager,Master,1,Pune,Maharashtra,29-10-22,Permanent,382000,45114,4,80,49,11,Single,Office,Priya Nair,No,No,4
EMP0531,Ishaan,Iyer,Male,45,Marketing,Marketing Manager,Diploma,3,Ahmedabad,Gujarat,27-01-24,Permanent,431000,57768,1,58,59,19,Single,Office,Rakesh Kumar,No,Yes,5
EMP0532,Aditya,Sharma,Female,44,Sales,Sales Executive,Bachelor,23,Mumbai,Maharashtra,13-04-19,Permanent,1137000,44522,4,48,56,10,Married,Office,Rakesh Kumar,Yes,No,1
EMP0533,Pooja,Das,Male,28,Production,Production Supervisor,PhD,7,Indore,Madhya Pradesh,04-04-22,Permanent,563000,66999,1,24,38,0,Single,Remote,Rakesh Kumar,No,No,3
EMP0534,Neha,Sharma,Male,22,Production,Production Engineer,Diploma,1,Ahmedabad,Gujarat,02-01-16,Permanent,311000,44905,3,70,41,9,Married,Remote,Sneha Joshi,No,No,8
EMP0535,Karan,Mehta,Male,37,Finance,Finance Manager,MBA,12,Bengaluru,Karnataka,24-10-18,Permanent,747000,50340,2,62,27,28,Married,Hybrid,Priya Nair,No,No,5
EMP0536,Nikhil,Sharma,Female,48,Sales,Sales Manager,MBA,22,Pune,Maharashtra,30-01-20,Permanent,1024000,148451,3,75,26,9,Married,Hybrid,Anil Shah,No,No,1
EMP0537,Sai,Jain,Female,48,Finance,Accountant,Diploma,22,Hyderabad,Telangana,06-05-18,Permanent,1061000,47402,3,1,45,10,Single,Hybrid,Priya Nair,No,No,10
EMP0538,Ananya,Iyer,Male,45,Marketing,Marketing Executive,Diploma,13,Bengaluru,Karnataka,24-01-26,Permanent,793000,30910,4,55,20,26,Married,Office,Sneha Joshi,Yes,No,8
EMP0539,Vivaan,Verma,Female,28,IT,Senior Developer,Master,7,Indore,Madhya Pradesh,03-08-18,Permanent,498000,31974,5,0,58,14,Married,Office,Anil Shah,No,No,7
EMP0540,Meera,Chopra,Male,42,HR,HR Manager,Diploma,4,Chennai,Tamil Nadu,22-03-26,Permanent,432000,52031,4,10,35,24,Married,Hybrid,Priya Nair,No,No,7
EMP0541,Sneha,Nair,Male,44,IT,Senior Developer,Diploma,1,Mumbai,Maharashtra,10-02-13,Permanent,327000,43611,4,28,10,2,Single,Remote,Vikas Singh,No,No,6
EMP0542,Aarav,Chopra,Male,37,HR,HR Executive,MBA,7,Pune,Maharashtra,01-12-15,Permanent,575000,71872,4,34,44,5,Single,Remote,Priya Nair,Yes,No,3
EMP0543,Arjun,Jain,Female,49,IT,Senior Developer,Bachelor,28,Delhi,Delhi,17-04-16,Permanent,1326000,116588,1,33,49,9,Single,Hybrid,Deepa Mehta,No,No,4
EMP0544,Ishaan,Kapoor,Male,25,Purchase,Purchase Executive,Diploma,3,Surat,Gujarat,02-07-20,Contract,380000,33637,3,26,52,18,Married,Hybrid,Deepa Mehta,No,No,8
EMP0545,Arjun,Kulkarni,Male,29,Sales,Sales Manager,PhD,8,Indore,Madhya Pradesh,08-07-21,Permanent,582000,30587,3,54,10,21,Married,Remote,Rakesh Kumar,No,No,2
EMP0546,Sneha,Chopra,Male,28,Sales,Sales Manager,Bachelor,1,Mumbai,Maharashtra,06-09-20,Permanent,344000,24849,1,70,5,11,Married,Office,Sneha Joshi,No,Yes,9
EMP0547,Karan,Joshi,Male,49,Marketing,Marketing Executive,Diploma,23,Chennai,Tamil Nadu,02-06-26,Contract,1080000,70503,4,22,38,8,Married,Remote,Deepa Mehta,Yes,No,1
EMP0548,Ananya,Sharma,Male,28,HR,HR Manager,Bachelor,2,Jaipur,Rajasthan,07-04-12,Permanent,401000,45691,4,50,25,3,Single,Remote,Sneha Joshi,No,No,5
EMP0549,Ishaan,Gupta,Male,43,Marketing,Marketing Executive,Diploma,18,Jaipur,Rajasthan,17-09-25,Permanent,977000,65106,2,21,20,21,Single,Office,Rakesh Kumar,No,Yes,8
EMP0550,Aarav,Das,Female,48,Production,Production Engineer,PhD,1,Pune,Maharashtra,30-10-13,Permanent,286000,28966,4,74,0,15,Single,Hybrid,Anil Shah,No,No,2
EMP0551,Aarav,Reddy,Female,35,Logistics,Logistics Executive,Master,14,Pune,Maharashtra,30-03-12,Permanent,836000,58755,4,44,34,8,Married,Hybrid,Priya Nair,Yes,No,1
EMP0552,Aisha,Kapoor,Female,54,Purchase,Procurement Manager,Master,7,Mumbai,Maharashtra,26-04-13,Intern,524000,57181,2,45,31,0,Single,Remote,Priya Nair,No,No,7
EMP0553,Ishaan,Kapoor,Male,33,Quality,QA Manager,MBA,6,Jaipur,Rajasthan,29-01-20,Intern,529000,26976,3,42,25,18,Married,Hybrid,Rakesh Kumar,No,No,5
EMP0554,Vivaan,Reddy,Female,60,IT,Data Analyst,Bachelor,27,Hyderabad,Telangana,20-06-16,Permanent,1196000,107486,2,59,43,4,Married,Remote,Priya Nair,No,No,3
EMP0555,Rohan,Verma,Male,39,HR,HR Executive,Bachelor,18,Indore,Madhya Pradesh,08-10-12,Permanent,920000,28162,3,0,3,8,Single,Hybrid,Vikas Singh,No,No,5
EMP0556,Meera,Gupta,Male,38,Finance,Finance Analyst,Bachelor,12,Pune,Maharashtra,10-07-16,Permanent,732000,103909,2,49,27,12,Single,Hybrid,Priya Nair,No,No,10
EMP0557,Sai,Reddy,Female,41,Finance,Finance Analyst,Diploma,12,Jaipur,Rajasthan,23-06-14,Permanent,681000,44728,4,69,11,12,Married,Office,Deepa Mehta,Yes,No,8
EMP0558,Priya,Iyer,Female,50,Production,Production Supervisor,Bachelor,27,Chennai,Tamil Nadu,06-05-20,Permanent,1268000,42060,4,11,48,4,Married,Office,Rakesh Kumar,No,No,6
EMP0559,Nikhil,Iyer,Female,24,Quality,QA Manager,Master,3,Delhi,Delhi,14-08-21,Permanent,362000,14538,3,13,21,19,Single,Hybrid,Sneha Joshi,No,No,10
EMP0560,Priya,Kulkarni,Male,28,Logistics,Logistics Executive,Bachelor,3,Jaipur,Rajasthan,09-02-21,Permanent,444000,47402,2,38,40,9,Single,Hybrid,Anil Shah,No,No,4
EMP0561,Aditya,Patel,Male,59,IT,Software Engineer,Bachelor,33,Pune,Maharashtra,16-08-20,Permanent,1471000,122472,1,15,19,12,Married,Office,Priya Nair,No,No,9
EMP0562,Nikhil,Das,Female,60,IT,Senior Developer,Master,27,Ahmedabad,Gujarat,06-03-13,Contract,1281000,75428,5,69,12,15,Married,Hybrid,Vikas Singh,Yes,No,2
EMP0563,Rohan,Joshi,Female,46,Quality,QA Manager,Bachelor,6,Chennai,Tamil Nadu,28-04-13,Permanent,520000,23096,4,1,37,9,Single,Remote,Sneha Joshi,No,No,10
EMP0564,Vivaan,Chopra,Female,29,Purchase,Procurement Manager,Diploma,8,Ahmedabad,Gujarat,09-01-18,Permanent,596000,32955,5,49,32,2,Single,Remote,Priya Nair,Yes,No,10
EMP0565,Sneha,Kapoor,Male,38,Marketing,Marketing Executive,MBA,17,Delhi,Delhi,12-06-18,Intern,924000,100787,5,64,49,21,Married,Office,Vikas Singh,No,No,10
EMP0566,Neha,Reddy,Female,25,HR,HR Executive,Bachelor,1,Pune,Maharashtra,15-03-21,Contract,347000,23887,2,30,6,28,Single,Remote,Anil Shah,No,No,7
EMP0567,Vivaan,Reddy,Female,28,HR,HR Manager,Master,4,Indore,Madhya Pradesh,28-02-24,Contract,413000,28307,4,48,8,20,Single,Office,Deepa Mehta,Yes,No,8
EMP0568,Aisha,Singh,Male,31,Quality,Quality Engineer,Diploma,10,Mumbai,Maharashtra,10-02-24,Intern,613000,33362,2,0,23,24,Married,Remote,Priya Nair,No,No,2
EMP0569,Sai,Das,Female,33,Sales,Sales Manager,Bachelor,12,Jaipur,Rajasthan,03-02-13,Contract,728000,59187,4,9,36,2,Single,Remote,Sneha Joshi,Yes,No,2
EMP0570,Ananya,Patel,Female,22,Sales,Sales Manager,Bachelor,1,Hyderabad,Telangana,11-07-11,Contract,306000,44729,1,68,36,7,Married,Hybrid,Deepa Mehta,No,No,9
EMP0571,Vihaan,Reddy,Female,37,HR,HR Manager,Bachelor,2,Surat,Gujarat,03-07-17,Contract,328000,15322,5,42,59,24,Single,Office,Anil Shah,No,No,8
EMP0572,Pooja,Chopra,Male,43,IT,Software Engineer,MBA,22,Delhi,Delhi,26-11-12,Permanent,1025000,43550,4,64,14,20,Married,Hybrid,Anil Shah,Yes,No,4
EMP0573,Vivaan,Patel,Male,55,Quality,QA Manager,Diploma,1,Chennai,Tamil Nadu,07-08-25,Permanent,377000,30620,2,14,28,3,Married,Hybrid,Anil Shah,No,Yes,7
EMP0574,Ananya,Singh,Male,58,HR,HR Manager,Master,14,Jaipur,Rajasthan,28-09-22,Permanent,742000,100015,2,7,4,1,Single,Hybrid,Priya Nair,No,Yes,1
EMP0575,Neha,Reddy,Male,39,Finance,Finance Analyst,Master,18,Pune,Maharashtra,18-09-11,Permanent,951000,52023,3,28,28,22,Married,Hybrid,Priya Nair,No,No,9
EMP0576,Ananya,Iyer,Female,41,Logistics,Logistics Executive,Diploma,20,Chennai,Tamil Nadu,28-10-25,Intern,1014000,64464,2,17,53,16,Single,Hybrid,Anil Shah,No,No,4
EMP0577,Neha,Kapoor,Male,23,Sales,Sales Manager,PhD,2,Mumbai,Maharashtra,11-03-21,Contract,355000,22491,4,38,52,30,Single,Office,Vikas Singh,No,No,5
EMP0578,Rahul,Nair,Male,45,Quality,Quality Engineer,Bachelor,24,Chennai,Tamil Nadu,19-02-14,Permanent,1160000,42075,3,4,34,24,Married,Office,Priya Nair,No,No,10
EMP0579,Diya,Jain,Male,22,Production,Production Supervisor,Master,1,Mumbai,Maharashtra,13-06-12,Permanent,380000,53921,3,68,29,13,Married,Office,Sneha Joshi,No,No,7
EMP0580,Ananya,Gupta,Male,38,Marketing,Marketing Executive,Master,5,Bengaluru,Karnataka,28-07-17,Permanent,430000,44662,3,34,42,8,Single,Office,Vikas Singh,No,No,5
EMP0581,Priya,Kulkarni,Female,32,Purchase,Purchase Executive,Bachelor,11,Delhi,Delhi,31-10-10,Intern,698000,74357,5,27,26,1,Single,Hybrid,Priya Nair,No,No,9
EMP0582,Aditya,Nair,Male,37,Marketing,Marketing Manager,Diploma,16,Ahmedabad,Gujarat,18-04-13,Contract,896000,32211,1,4,11,21,Married,Remote,Deepa Mehta,No,No,9
EMP0583,Ananya,Patel,Female,37,HR,HR Executive,Master,16,Hyderabad,Telangana,13-06-12,Permanent,868000,37829,1,30,13,10,Married,Remote,Priya Nair,No,No,7
EMP0584,Arjun,Patel,Female,59,Production,Production Supervisor,MBA,21,Hyderabad,Telangana,22-07-20,Contract,1024000,107141,2,47,2,9,Single,Remote,Rakesh Kumar,No,Yes,10
EMP0585,Priya,Iyer,Female,34,Quality,Quality Engineer,Bachelor,2,Pune,Maharashtra,26-09-11,Intern,349000,34149,5,80,35,23,Married,Remote,Vikas Singh,No,No,2
EMP0586,Vivaan,Reddy,Female,54,Logistics,Warehouse Manager,Bachelor,28,Indore,Madhya Pradesh,28-07-16,Contract,1273000,75322,3,29,29,10,Single,Remote,Sneha Joshi,No,No,4
EMP0587,Amit,Joshi,Male,43,Logistics,Logistics Executive,MBA,22,Delhi,Delhi,29-07-23,Permanent,1075000,61889,2,68,15,24,Married,Remote,Vikas Singh,No,No,3
EMP0588,Diya,Jain,Female,42,Production,Production Engineer,Bachelor,7,Jaipur,Rajasthan,30-04-13,Permanent,578000,78477,2,23,56,14,Single,Office,Vikas Singh,No,Yes,5
EMP0589,Rohan,Kapoor,Male,29,HR,HR Executive,Master,8,Pune,Maharashtra,20-12-12,Permanent,599000,84001,4,45,8,12,Single,Remote,Priya Nair,Yes,No,6
EMP0590,Pooja,Reddy,Male,23,IT,Data Analyst,MBA,2,Delhi,Delhi,10-10-19,Permanent,383000,43667,2,75,58,26,Single,Office,Vikas Singh,No,No,10
EMP0591,Neha,Das,Female,45,Production,Production Engineer,Bachelor,24,Indore,Madhya Pradesh,07-04-16,Contract,1103000,63832,4,43,3,18,Married,Hybrid,Rakesh Kumar,Yes,No,6
EMP0592,Arjun,Patel,Male,48,Logistics,Warehouse Manager,Diploma,17,Bengaluru,Karnataka,18-09-13,Permanent,881000,77877,2,21,18,30,Married,Remote,Deepa Mehta,No,No,4
EMP0593,Diya,Gupta,Male,34,Logistics,Logistics Executive,Diploma,13,Mumbai,Maharashtra,09-02-22,Permanent,731000,22515,1,47,13,9,Married,Remote,Sneha Joshi,No,No,3
EMP0594,Aisha,Chopra,Male,28,Purchase,Procurement Manager,Bachelor,7,Ahmedabad,Gujarat,31-03-16,Permanent,510000,74569,1,28,46,2,Married,Office,Sneha Joshi,No,No,5
EMP0595,Karan,Das,Male,41,HR,HR Executive,MBA,20,Jaipur,Rajasthan,14-02-17,Permanent,1023000,111850,1,80,0,7,Single,Remote,Deepa Mehta,No,No,4
EMP0596,Ishaan,Verma,Female,30,Purchase,Procurement Manager,Bachelor,9,Surat,Gujarat,28-03-24,Contract,633000,84100,2,0,27,2,Married,Remote,Anil Shah,No,No,3
EMP0597,Amit,Kapoor,Female,60,Quality,QA Manager,Bachelor,15,Ahmedabad,Gujarat,24-09-16,Contract,813000,89558,4,80,25,19,Married,Remote,Rakesh Kumar,Yes,No,2
EMP0598,Vihaan,Chopra,Female,47,Purchase,Purchase Executive,Master,20,Pune,Maharashtra,14-12-13,Permanent,992000,108399,3,50,45,4,Married,Hybrid,Sneha Joshi,No,No,10
EMP0599,Ananya,Patel,Female,38,Logistics,Warehouse Manager,Diploma,13,Hyderabad,Telangana,14-11-15,Permanent,759000,58417,4,54,25,8,Single,Hybrid,Priya Nair,Yes,No,4
EMP0600,Vivaan,Verma,Female,47,Sales,Sales Executive,Master,10,Pune,Maharashtra,04-10-23,Permanent,617000,63301,1,2,51,12,Single,Remote,Vikas Singh,No,No,6
EMP0601,Aditya,Das,Male,54,Sales,Sales Executive,PhD,23,Jaipur,Rajasthan,15-11-18,Contract,1085000,70332,2,47,21,13,Single,Remote,Anil Shah,No,No,1
EMP0602,Aarav,Jain,Male,53,Quality,Quality Engineer,Bachelor,31,Bengaluru,Karnataka,18-07-10,Permanent,1425000,85040,3,15,52,25,Married,Remote,Rakesh Kumar,No,No,7
EMP0603,Diya,Kulkarni,Male,25,IT,Data Analyst,Diploma,4,Jaipur,Rajasthan,27-07-23,Contract,403000,47677,4,24,53,19,Married,Hybrid,Priya Nair,Yes,No,1
EMP0604,Diya,Nair,Male,27,Marketing,Marketing Manager,Bachelor,6,Pune,Maharashtra,26-12-14,Intern,534000,33870,3,68,32,7,Married,Office,Deepa Mehta,No,No,8
EMP0605,Rahul,Joshi,Male,49,Sales,Sales Manager,Master,1,Delhi,Delhi,18-04-18,Permanent,299000,32034,3,18,51,20,Single,Office,Rakesh Kumar,No,No,9
EMP0606,Ishaan,Kulkarni,Female,58,Sales,Sales Executive,Bachelor,5,Delhi,Delhi,27-09-21,Permanent,499000,60514,1,63,16,13,Married,Remote,Anil Shah,No,No,3
EMP0607,Priya,Kapoor,Female,21,Marketing,Marketing Manager,Bachelor,0,Hyderabad,Telangana,16-08-24,Permanent,310000,35670,5,71,54,23,Single,Office,Deepa Mehta,No,No,7
EMP0608,Aditya,Mehta,Male,21,Finance,Finance Manager,Diploma,0,Surat,Gujarat,25-10-19,Contract,265000,9192,4,63,10,20,Married,Office,Sneha Joshi,No,No,9
EMP0609,Rahul,Patel,Female,28,Quality,QA Manager,Bachelor,7,Indore,Madhya Pradesh,03-05-18,Permanent,517000,24290,5,26,51,19,Married,Remote,Sneha Joshi,No,No,8
EMP0610,Ishaan,Chopra,Female,29,Finance,Finance Manager,MBA,8,Mumbai,Maharashtra,15-02-17,Permanent,550000,47553,1,39,44,6,Single,Remote,Priya Nair,No,Yes,8
EMP0611,Vihaan,Patel,Female,59,Finance,Finance Analyst,Master,4,Surat,Gujarat,26-09-17,Permanent,415000,26124,4,74,46,9,Married,Remote,Vikas Singh,No,No,5
EMP0612,Meera,Das,Male,25,Finance,Finance Manager,Bachelor,4,Ahmedabad,Gujarat,24-11-15,Permanent,407000,51130,5,49,21,18,Married,Remote,Rakesh Kumar,No,No,8
EMP0613,Sai,Patel,Male,34,IT,Senior Developer,Bachelor,9,Mumbai,Maharashtra,02-04-17,Permanent,572000,26562,4,54,42,15,Married,Hybrid,Rakesh Kumar,No,No,2
EMP0614,Meera,Mehta,Female,45,Purchase,Procurement Manager,MBA,22,Hyderabad,Telangana,26-11-21,Permanent,1099000,144038,2,35,45,4,Married,Remote,Deepa Mehta,No,No,5
EMP0615,Vihaan,Iyer,Female,43,Finance,Finance Analyst,MBA,1,Hyderabad,Telangana,04-05-26,Permanent,366000,35566,2,48,23,5,Single,Office,Rakesh Kumar,No,No,9
EMP0616,Aarav,Reddy,Female,42,IT,IT Manager,Bachelor,21,Mumbai,Maharashtra,11-08-23,Permanent,1070000,67404,4,50,2,22,Married,Hybrid,Anil Shah,No,No,10
EMP0617,Rohan,Reddy,Female,52,Finance,Finance Manager,MBA,30,Jaipur,Rajasthan,01-05-12,Permanent,1304000,135030,2,22,55,27,Single,Office,Anil Shah,No,No,2
EMP0618,Sneha,Das,Male,41,IT,IT Manager,PhD,20,Surat,Gujarat,10-09-24,Permanent,952000,66564,3,21,57,18,Married,Remote,Deepa Mehta,No,No,1
EMP0619,Rahul,Mehta,Male,25,Sales,Sales Executive,Master,4,Pune,Maharashtra,14-11-13,Permanent,426000,43888,5,52,11,20,Single,Hybrid,Anil Shah,Yes,No,6
EMP0620,Priya,Nair,Male,57,Purchase,Purchase Executive,MBA,5,Ahmedabad,Gujarat,13-05-26,Permanent,467000,47138,1,21,50,0,Single,Remote,Deepa Mehta,No,No,2
EMP0621,Ananya,Verma,Male,29,Marketing,Marketing Manager,Master,3,Ahmedabad,Gujarat,04-04-16,Permanent,396000,31552,2,34,56,6,Single,Hybrid,Priya Nair,No,No,8
EMP0622,Aditya,Nair,Female,58,Production,Production Supervisor,MBA,22,Ahmedabad,Gujarat,28-10-10,Contract,1097000,83681,5,72,13,22,Married,Hybrid,Rakesh Kumar,No,No,5
EMP0623,Priya,Kapoor,Female,26,Logistics,Warehouse Manager,Bachelor,5,Bengaluru,Karnataka,15-09-10,Contract,493000,53737,2,60,8,14,Married,Hybrid,Anil Shah,No,No,10
EMP0624,Priya,Kapoor,Male,43,HR,HR Manager,Bachelor,10,Hyderabad,Telangana,13-07-24,Contract,625000,87236,3,20,29,17,Single,Office,Vikas Singh,No,No,8
EMP0625,Sneha,Reddy,Female,46,Purchase,Procurement Manager,Master,15,Indore,Madhya Pradesh,30-07-17,Permanent,828000,54665,2,64,6,13,Married,Hybrid,Vikas Singh,No,No,7
EMP0626,Aarav,Gupta,Male,40,Logistics,Logistics Executive,Diploma,12,Hyderabad,Telangana,17-03-11,Intern,711000,88977,2,44,29,12,Single,Hybrid,Rakesh Kumar,No,Yes,3
EMP0627,Sai,Verma,Female,26,Finance,Accountant,Bachelor,5,Surat,Gujarat,16-06-13,Permanent,474000,14501,2,44,6,15,Married,Remote,Deepa Mehta,No,Yes,8
EMP0628,Rahul,Kulkarni,Female,36,IT,Senior Developer,Bachelor,15,Ahmedabad,Gujarat,20-12-18,Contract,812000,104240,4,76,25,17,Single,Hybrid,Anil Shah,Yes,No,10
EMP0629,Ananya,Chopra,Male,36,Production,Production Supervisor,Bachelor,15,Mumbai,Maharashtra,11-09-23,Permanent,827000,115574,2,17,31,6,Single,Office,Priya Nair,No,No,2
EMP0630,Rahul,Das,Male,48,Finance,Finance Analyst,Bachelor,18,Delhi,Delhi,13-10-10,Permanent,935000,48192,4,66,53,3,Married,Office,Deepa Mehta,Yes,No,2
EMP0631,Rahul,Jain,Male,31,Production,Production Supervisor,Master,8,Mumbai,Maharashtra,26-11-20,Permanent,618000,48330,1,38,27,8,Single,Remote,Vikas Singh,No,No,8
EMP0632,Neha,Jain,Female,42,Logistics,Logistics Executive,Master,21,Chennai,Tamil Nadu,04-12-21,Contract,1073000,42492,1,43,60,29,Married,Office,Deepa Mehta,No,No,10
EMP0633,Sneha,Mehta,Male,50,Marketing,Marketing Executive,MBA,2,Delhi,Delhi,27-03-18,Permanent,399000,44834,3,54,21,21,Married,Office,Priya Nair,No,No,9
EMP0634,Sai,Verma,Female,47,HR,HR Manager,Bachelor,26,Mumbai,Maharashtra,13-05-23,Permanent,1256000,43198,4,31,11,2,Single,Office,Sneha Joshi,No,No,8
EMP0635,Diya,Joshi,Female,60,Sales,Sales Manager,Diploma,33,Hyderabad,Telangana,12-05-18,Permanent,1485000,218623,1,48,32,23,Single,Hybrid,Sneha Joshi,No,No,5
EMP0636,Rahul,Patel,Male,37,IT,Software Engineer,Master,16,Indore,Madhya Pradesh,08-11-15,Intern,891000,81691,2,6,23,18,Married,Office,Priya Nair,No,No,7
EMP0637,Sai,Verma,Male,59,Quality,QA Manager,Bachelor,11,Chennai,Tamil Nadu,24-08-14,Permanent,689000,75008,3,34,29,19,Married,Office,Rakesh Kumar,No,No,4
EMP0638,Aarav,Kapoor,Female,35,IT,Data Analyst,Bachelor,14,Indore,Madhya Pradesh,17-05-17,Permanent,802000,113551,1,43,21,10,Married,Hybrid,Rakesh Kumar,No,Yes,8
EMP0639,Meera,Kapoor,Male,45,Marketing,Marketing Executive,Master,24,Indore,Madhya Pradesh,06-10-11,Permanent,1164000,172497,1,26,47,16,Married,Hybrid,Sneha Joshi,No,No,6
EMP0640,Sneha,Patel,Male,60,Finance,Finance Manager,Bachelor,22,Mumbai,Maharashtra,14-05-16,Permanent,1084000,161258,4,68,8,12,Single,Office,Anil Shah,Yes,No,4
EMP0641,Pooja,Verma,Male,31,Quality,QA Manager,Bachelor,10,Surat,Gujarat,19-05-19,Contract,637000,43525,3,80,6,21,Married,Remote,Vikas Singh,No,No,9
EMP0642,Rahul,Singh,Female,52,Purchase,Procurement Manager,Bachelor,18,Ahmedabad,Gujarat,22-12-18,Permanent,950000,123105,4,22,43,29,Single,Hybrid,Sneha Joshi,No,No,7
EMP0643,Amit,Singh,Male,60,Sales,Sales Executive,Bachelor,8,Chennai,Tamil Nadu,07-07-10,Permanent,563000,28136,4,11,60,11,Single,Remote,Vikas Singh,No,No,7
EMP0644,Karan,Kulkarni,Male,31,Purchase,Purchase Executive,Bachelor,10,Surat,Gujarat,28-03-17,Permanent,608000,83499,2,73,29,14,Single,Remote,Rakesh Kumar,No,No,4
EMP0645,Sneha,Iyer,Male,59,Production,Production Engineer,Bachelor,10,Pune,Maharashtra,26-02-10,Permanent,689000,76634,5,60,55,12,Single,Hybrid,Anil Shah,No,No,9
EMP0646,Nikhil,Das,Male,49,Purchase,Procurement Manager,MBA,3,Mumbai,Maharashtra,24-02-18,Permanent,422000,44526,4,54,50,3,Single,Office,Vikas Singh,No,No,5
EMP0647,Vihaan,Kapoor,Male,44,Quality,Quality Engineer,MBA,21,Delhi,Delhi,18-09-14,Permanent,1028000,110042,1,58,57,22,Married,Office,Priya Nair,No,No,6
EMP0648,Sneha,Joshi,Female,37,Marketing,Marketing Executive,Diploma,2,Bengaluru,Karnataka,01-08-10,Permanent,369000,36024,3,39,60,22,Single,Remote,Sneha Joshi,No,No,5
EMP0649,Sneha,Das,Female,30,Finance,Finance Manager,Bachelor,9,Chennai,Tamil Nadu,09-10-15,Permanent,569000,75171,5,38,9,18,Single,Hybrid,Deepa Mehta,Yes,No,9
EMP0650,Karan,Mehta,Female,60,Finance,Finance Manager,Bachelor,22,Jaipur,Rajasthan,18-01-17,Permanent,1070000,143218,4,21,55,16,Married,Office,Anil Shah,Yes,No,7
EMP0651,Aditya,Joshi,Male,40,Sales,Sales Executive,Bachelor,14,Pune,Maharashtra,30-07-24,Permanent,805000,68520,1,67,57,7,Single,Hybrid,Deepa Mehta,No,No,7
EMP0652,Vihaan,Joshi,Male,38,Logistics,Logistics Executive,PhD,17,Mumbai,Maharashtra,07-01-20,Permanent,878000,52121,2,31,14,22,Married,Office,Priya Nair,No,Yes,10
EMP0653,Meera,Verma,Male,33,IT,IT Manager,Diploma,8,Surat,Gujarat,22-06-15,Permanent,606000,52888,1,68,56,25,Single,Hybrid,Rakesh Kumar,No,No,2
EMP0654,Rohan,Sharma,Female,26,Purchase,Purchase Executive,Bachelor,5,Surat,Gujarat,03-06-23,Permanent,500000,15576,4,14,46,28,Married,Remote,Sneha Joshi,Yes,No,10
EMP0655,Aarav,Verma,Female,59,Marketing,Marketing Executive,Bachelor,31,Delhi,Delhi,14-07-21,Permanent,1420000,93658,5,31,21,8,Married,Remote,Sneha Joshi,Yes,No,3
EMP0656,Aarav,Joshi,Female,52,Finance,Accountant,Master,11,Bengaluru,Karnataka,14-02-12,Contract,693000,49267,5,23,12,24,Single,Office,Priya Nair,Yes,No,9
EMP0657,Priya,Jain,Female,27,Marketing,Marketing Executive,Bachelor,6,Surat,Gujarat,20-11-18,Contract,481000,49646,2,41,33,15,Married,Remote,Sneha Joshi,No,No,5
EMP0658,Aisha,Joshi,Male,40,Production,Production Supervisor,Bachelor,19,Chennai,Tamil Nadu,20-08-22,Permanent,970000,29760,4,7,26,11,Single,Hybrid,Deepa Mehta,No,No,1
EMP0659,Ishaan,Singh,Female,39,Production,Production Supervisor,Bachelor,1,Chennai,Tamil Nadu,22-04-17,Permanent,382000,20603,2,79,32,14,Married,Office,Priya Nair,No,Yes,3
EMP0660,Rohan,Kapoor,Female,23,Quality,Quality Engineer,Bachelor,2,Indore,Madhya Pradesh,23-02-23,Permanent,333000,12232,3,35,34,11,Married,Hybrid,Sneha Joshi,No,No,2
EMP0661,Arjun,Chopra,Male,41,Quality,Quality Engineer,Bachelor,9,Indore,Madhya Pradesh,27-06-14,Permanent,622000,36964,5,69,48,21,Married,Remote,Deepa Mehta,No,No,5
EMP0662,Aarav,Gupta,Male,41,Production,Production Engineer,Bachelor,20,Delhi,Delhi,09-02-15,Permanent,994000,53555,3,32,38,23,Single,Office,Deepa Mehta,No,No,2
EMP0663,Amit,Mehta,Female,52,HR,HR Executive,MBA,31,Jaipur,Rajasthan,18-05-18,Permanent,1392000,208074,5,41,50,17,Married,Hybrid,Deepa Mehta,No,No,2
EMP0664,Aditya,Reddy,Male,56,IT,Senior Developer,Master,34,Pune,Maharashtra,15-11-22,Contract,1520000,164192,2,9,49,21,Married,Hybrid,Deepa Mehta,No,No,3
EMP0665,Priya,Sharma,Male,57,Production,Production Supervisor,MBA,29,Chennai,Tamil Nadu,22-11-22,Permanent,1347000,174284,1,1,14,10,Married,Office,Vikas Singh,No,No,4
EMP0666,Priya,Iyer,Female,33,Production,Production Engineer,Master,9,Surat,Gujarat,02-12-16,Permanent,568000,53398,1,16,34,11,Single,Hybrid,Deepa Mehta,No,No,4
EMP0667,Ishaan,Singh,Female,31,Quality,Quality Engineer,MBA,10,Surat,Gujarat,20-12-17,Permanent,658000,29461,4,3,28,27,Single,Hybrid,Sneha Joshi,Yes,No,8
EMP0668,Ishaan,Singh,Female,58,IT,Senior Developer,Bachelor,5,Indore,Madhya Pradesh,02-04-26,Permanent,446000,53874,1,62,47,19,Married,Remote,Rakesh Kumar,No,No,7
EMP0669,Ishaan,Sharma,Female,51,Marketing,Marketing Executive,MBA,30,Mumbai,Maharashtra,01-03-10,Permanent,1355000,105740,1,45,23,30,Married,Office,Rakesh Kumar,No,No,5
EMP0670,Aditya,Das,Female,51,HR,HR Manager,Diploma,17,Surat,Gujarat,23-12-13,Permanent,862000,79506,2,60,48,1,Single,Remote,Priya Nair,No,No,5
EMP0671,Nikhil,Mehta,Male,47,Finance,Finance Manager,PhD,11,Ahmedabad,Gujarat,10-03-18,Contract,649000,80727,1,63,13,9,Married,Remote,Vikas Singh,No,No,5
EMP0672,Priya,Patel,Male,42,HR,HR Executive,Master,21,Ahmedabad,Gujarat,22-02-19,Permanent,1034000,125631,5,21,10,3,Single,Hybrid,Sneha Joshi,No,No,2
EMP0673,Aditya,Sharma,Female,50,Quality,QA Manager,Diploma,29,Indore,Madhya Pradesh,14-04-24,Permanent,1327000,114571,3,16,20,21,Married,Remote,Sneha Joshi,No,No,2
EMP0674,Rohan,Kapoor,Male,29,Sales,Sales Executive,MBA,8,Ahmedabad,Gujarat,22-01-15,Permanent,627000,25942,4,36,56,19,Single,Office,Deepa Mehta,Yes,No,3
EMP0675,Aisha,Joshi,Female,58,Logistics,Warehouse Manager,Master,33,Ahmedabad,Gujarat,10-05-17,Permanent,1492000,70760,1,49,40,1,Single,Office,Rakesh Kumar,No,Yes,1
EMP0676,Sai,Mehta,Female,21,Purchase,Procurement Manager,Bachelor,0,Indore,Madhya Pradesh,06-02-19,Permanent,278000,23459,3,69,28,3,Married,Remote,Priya Nair,No,No,9
EMP0677,Priya,Chopra,Male,37,Production,Production Supervisor,Master,16,Hyderabad,Telangana,23-08-21,Permanent,858000,69654,1,69,8,3,Single,Hybrid,Vikas Singh,No,No,2
EMP0678,Aisha,Gupta,Female,40,Purchase,Purchase Executive,PhD,19,Jaipur,Rajasthan,04-02-14,Permanent,982000,52424,2,2,12,23,Married,Remote,Vikas Singh,No,No,3
EMP0679,Karan,Iyer,Male,55,Production,Production Engineer,Master,34,Jaipur,Rajasthan,28-09-13,Permanent,1453000,162224,5,28,53,29,Single,Remote,Sneha Joshi,No,No,10
EMP0680,Ishaan,Verma,Male,46,Marketing,Marketing Manager,MBA,24,Delhi,Delhi,22-03-17,Permanent,1129000,33918,3,71,42,9,Single,Remote,Vikas Singh,No,No,10
EMP0681,Aditya,Patel,Female,29,Finance,Accountant,Master,8,Surat,Gujarat,11-10-18,Contract,615000,49373,5,24,15,26,Married,Office,Rakesh Kumar,Yes,No,5
EMP0682,Rahul,Sharma,Male,34,Purchase,Procurement Manager,Master,9,Mumbai,Maharashtra,13-04-24,Permanent,606000,56303,5,60,14,21,Married,Hybrid,Deepa Mehta,No,No,9
EMP0683,Nikhil,Nair,Male,25,Production,Production Engineer,Bachelor,4,Bengaluru,Karnataka,13-07-12,Permanent,446000,44688,4,37,14,16,Single,Office,Vikas Singh,No,No,10
EMP0684,Neha,Singh,Female,48,Quality,Quality Engineer,MBA,3,Bengaluru,Karnataka,29-03-26,Permanent,388000,41451,3,53,42,26,Married,Hybrid,Anil Shah,No,No,2
EMP0685,Vihaan,Kapoor,Female,36,Purchase,Procurement Manager,Master,14,Pune,Maharashtra,22-11-25,Permanent,820000,107001,4,77,33,27,Married,Office,Deepa Mehta,No,No,10
EMP0686,Vihaan,Reddy,Male,28,Sales,Sales Manager,MBA,7,Mumbai,Maharashtra,16-10-17,Permanent,553000,73144,5,66,2,30,Married,Remote,Deepa Mehta,No,No,7
EMP0687,Aarav,Singh,Male,22,Production,Production Supervisor,MBA,1,Mumbai,Maharashtra,09-05-26,Permanent,318000,23224,3,45,15,8,Married,Office,Sneha Joshi,No,No,6
EMP0688,Diya,Jain,Male,34,Logistics,Warehouse Manager,Master,13,Hyderabad,Telangana,10-11-13,Contract,717000,50227,5,68,47,25,Single,Hybrid,Deepa Mehta,No,No,2
EMP0689,Aditya,Das,Female,41,Purchase,Procurement Manager,Bachelor,11,Delhi,Delhi,12-11-17,Permanent,692000,95146,2,21,20,0,Single,Office,Deepa Mehta,No,No,9
EMP0690,Meera,Verma,Male,46,IT,Software Engineer,Diploma,12,Indore,Madhya Pradesh,15-11-24,Permanent,705000,33482,3,68,22,12,Single,Hybrid,Deepa Mehta,No,No,2
EMP0691,Aisha,Reddy,Male,41,Sales,Sales Executive,Bachelor,20,Ahmedabad,Gujarat,21-12-24,Intern,953000,85140,2,31,56,7,Married,Remote,Anil Shah,No,No,3
EMP0692,Aisha,Singh,Male,60,Purchase,Procurement Manager,Bachelor,28,Indore,Madhya Pradesh,24-04-14,Permanent,1298000,129420,5,49,47,8,Married,Hybrid,Rakesh Kumar,Yes,No,6
EMP0693,Priya,Iyer,Female,25,Finance,Finance Manager,Bachelor,4,Jaipur,Rajasthan,26-12-22,Permanent,457000,52556,5,40,6,25,Single,Remote,Rakesh Kumar,Yes,No,9
EMP0694,Sneha,Verma,Male,50,Purchase,Procurement Manager,Diploma,29,Ahmedabad,Gujarat,01-07-10,Permanent,1338000,144549,3,61,55,22,Single,Office,Anil Shah,No,No,6
EMP0695,Diya,Reddy,Female,22,Purchase,Purchase Executive,PhD,1,Surat,Gujarat,04-11-24,Permanent,356000,40465,3,42,14,18,Married,Office,Deepa Mehta,No,No,9
EMP0696,Pooja,Joshi,Male,60,HR,HR Executive,Master,22,Pune,Maharashtra,08-10-23,Permanent,1074000,126351,2,31,38,24,Single,Office,Deepa Mehta,No,Yes,8
EMP0697,Vihaan,Joshi,Male,27,Quality,QA Manager,Bachelor,6,Delhi,Delhi,08-02-13,Contract,484000,20088,3,22,45,13,Married,Hybrid,Rakesh Kumar,No,No,2
EMP0698,Diya,Mehta,Male,35,Production,Production Supervisor,Bachelor,5,Pune,Maharashtra,01-10-21,Permanent,504000,18803,5,7,43,11,Single,Office,Anil Shah,Yes,No,9
EMP0699,Aarav,Joshi,Female,40,HR,HR Executive,PhD,19,Surat,Gujarat,11-04-24,Permanent,939000,88478,3,12,55,21,Single,Remote,Vikas Singh,No,No,6
EMP0700,Sai,Chopra,Female,32,Logistics,Warehouse Manager,Diploma,9,Mumbai,Maharashtra,21-01-22,Contract,581000,73708,3,37,6,11,Single,Remote,Rakesh Kumar,No,No,9
EMP0701,Vihaan,Nair,Male,59,Finance,Finance Analyst,MBA,21,Jaipur,Rajasthan,21-09-18,Contract,1000000,110245,1,43,15,11,Single,Office,Rakesh Kumar,No,No,8
EMP0702,Rahul,Patel,Female,24,Purchase,Purchase Executive,Master,3,Hyderabad,Telangana,29-10-21,Permanent,447000,41942,4,69,41,6,Married,Hybrid,Sneha Joshi,No,No,3
EMP0703,Ishaan,Verma,Female,46,Quality,Quality Engineer,Bachelor,24,Delhi,Delhi,04-05-12,Permanent,1153000,118943,3,63,50,24,Married,Remote,Vikas Singh,No,No,1
EMP0704,Vivaan,Singh,Male,40,Logistics,Warehouse Manager,Master,11,Jaipur,Rajasthan,18-08-10,Permanent,675000,51427,3,68,3,26,Married,Remote,Vikas Singh,No,No,9
EMP0705,Sai,Iyer,Female,23,Sales,Sales Manager,MBA,2,Surat,Gujarat,24-12-25,Permanent,414000,22535,2,73,40,19,Single,Office,Deepa Mehta,No,No,4
EMP0706,Vihaan,Chopra,Female,21,Sales,Sales Executive,PhD,0,Surat,Gujarat,04-05-18,Contract,303000,10717,2,76,15,19,Married,Hybrid,Rakesh Kumar,No,No,5
EMP0707,Diya,Mehta,Male,47,Quality,QA Manager,MBA,24,Surat,Gujarat,13-12-20,Permanent,1091000,114756,4,5,44,24,Married,Office,Anil Shah,No,No,4
EMP0708,Vihaan,Sharma,Male,52,IT,IT Manager,Bachelor,11,Bengaluru,Karnataka,09-04-25,Permanent,726000,56472,5,36,18,27,Married,Office,Rakesh Kumar,No,No,7
EMP0709,Aditya,Iyer,Female,33,Finance,Accountant,Bachelor,12,Pune,Maharashtra,01-07-12,Permanent,721000,37591,1,30,27,19,Married,Hybrid,Vikas Singh,No,No,8
EMP0710,Vivaan,Das,Male,34,Production,Production Engineer,MBA,2,Hyderabad,Telangana,17-08-15,Contract,366000,31273,1,50,24,4,Married,Remote,Deepa Mehta,No,Yes,3
EMP0711,Ishaan,Joshi,Female,22,Purchase,Purchase Executive,Master,1,Bengaluru,Karnataka,28-06-22,Permanent,357000,52015,1,14,43,2,Married,Remote,Deepa Mehta,No,No,10
EMP0712,Sai,Kapoor,Female,44,HR,HR Executive,Master,9,Mumbai,Maharashtra,20-07-18,Permanent,573000,73140,5,15,54,7,Single,Remote,Deepa Mehta,No,No,1
EMP0713,Rohan,Chopra,Female,39,Quality,Quality Engineer,Master,18,Indore,Madhya Pradesh,11-08-15,Permanent,963000,81468,2,58,34,28,Married,Office,Sneha Joshi,No,Yes,3
EMP0714,Diya,Chopra,Male,44,HR,HR Manager,Diploma,23,Delhi,Delhi,16-03-19,Permanent,1126000,148859,4,16,53,20,Married,Office,Sneha Joshi,No,No,7
EMP0715,Sneha,Kapoor,Female,49,Quality,QA Manager,Bachelor,28,Chennai,Tamil Nadu,26-12-12,Permanent,1257000,74818,2,72,12,30,Married,Hybrid,Priya Nair,No,No,7
EMP0716,Aisha,Singh,Female,30,Purchase,Procurement Manager,Bachelor,6,Indore,Madhya Pradesh,31-03-19,Permanent,488000,34415,2,49,59,16,Married,Office,Deepa Mehta,No,No,1
EMP0717,Ishaan,Mehta,Male,38,Finance,Finance Manager,Master,17,Surat,Gujarat,19-05-13,Permanent,906000,53892,2,62,20,19,Single,Remote,Anil Shah,No,Yes,2
EMP0718,Aarav,Patel,Male,42,IT,IT Manager,Bachelor,20,Ahmedabad,Gujarat,11-10-14,Permanent,959000,70537,3,74,57,26,Married,Hybrid,Deepa Mehta,No,No,6
EMP0719,Sai,Verma,Female,27,Logistics,Logistics Executive,Bachelor,6,Pune,Maharashtra,09-12-21,Contract,514000,25183,5,80,30,22,Married,Remote,Anil Shah,No,No,4
EMP0720,Arjun,Chopra,Female,27,HR,HR Manager,Bachelor,6,Delhi,Delhi,28-10-13,Contract,537000,60453,3,56,37,18,Single,Hybrid,Sneha Joshi,No,No,1
EMP0721,Pooja,Joshi,Female,26,Production,Production Engineer,Diploma,4,Bengaluru,Karnataka,12-03-25,Permanent,410000,17760,2,41,18,22,Single,Hybrid,Anil Shah,No,No,8
EMP0722,Nikhil,Chopra,Female,31,Production,Production Engineer,Bachelor,10,Jaipur,Rajasthan,12-07-10,Permanent,622000,22542,2,39,16,14,Married,Hybrid,Deepa Mehta,No,Yes,8
EMP0723,Aditya,Joshi,Male,29,HR,HR Manager,Bachelor,1,Delhi,Delhi,11-07-18,Permanent,376000,41596,4,42,23,25,Married,Hybrid,Rakesh Kumar,No,No,6
EMP0724,Neha,Kapoor,Female,56,Sales,Sales Manager,Bachelor,31,Delhi,Delhi,25-01-25,Permanent,1422000,198513,5,14,1,25,Single,Office,Priya Nair,Yes,No,3
EMP0725,Aditya,Gupta,Male,26,IT,Software Engineer,Master,0,Hyderabad,Telangana,07-11-23,Permanent,326000,34274,4,80,55,10,Single,Remote,Anil Shah,No,No,2
EMP0726,Arjun,Singh,Male,32,IT,Software Engineer,Bachelor,5,Surat,Gujarat,19-09-14,Permanent,435000,33246,5,24,30,26,Single,Remote,Deepa Mehta,No,No,10
EMP0727,Sai,Nair,Female,58,HR,HR Executive,Bachelor,28,Pune,Maharashtra,11-12-13,Intern,1265000,59793,5,73,12,22,Single,Remote,Rakesh Kumar,No,No,4
EMP0728,Priya,Jain,Male,31,Quality,QA Manager,Bachelor,10,Bengaluru,Karnataka,23-11-14,Permanent,645000,76273,5,0,41,28,Married,Hybrid,Anil Shah,No,No,2
EMP0729,Aditya,Nair,Female,24,Quality,QA Manager,Diploma,3,Pune,Maharashtra,21-02-17,Permanent,402000,45735,5,8,36,8,Married,Hybrid,Deepa Mehta,No,No,6
EMP0730,Rohan,Joshi,Female,40,Purchase,Purchase Executive,Bachelor,19,Ahmedabad,Gujarat,16-12-10,Permanent,969000,83134,4,41,59,25,Married,Hybrid,Sneha Joshi,No,No,8
EMP0731,Arjun,Gupta,Female,47,HR,HR Manager,Bachelor,8,Ahmedabad,Gujarat,17-12-18,Permanent,587000,73354,2,19,37,30,Single,Office,Sneha Joshi,No,Yes,7
EMP0732,Arjun,Verma,Female,33,HR,HR Manager,Bachelor,12,Jaipur,Rajasthan,24-03-16,Permanent,734000,75469,4,55,27,30,Single,Hybrid,Priya Nair,No,No,1
EMP0733,Vihaan,Sharma,Female,51,Marketing,Marketing Executive,Bachelor,9,Delhi,Delhi,08-11-14,Permanent,567000,82115,2,43,40,9,Married,Remote,Vikas Singh,No,Yes,3
EMP0734,Aisha,Joshi,Female,29,Production,Production Engineer,Diploma,8,Hyderabad,Telangana,10-05-19,Permanent,573000,64516,3,60,50,8,Married,Remote,Deepa Mehta,No,No,6
EMP0735,Ishaan,Chopra,Male,41,Sales,Sales Executive,Bachelor,15,Delhi,Delhi,08-06-10,Permanent,788000,59965,2,79,20,2,Married,Hybrid,Anil Shah,No,No,5
EMP0736,Sneha,Mehta,Male,38,Finance,Accountant,Bachelor,17,Surat,Gujarat,14-03-24,Permanent,892000,115051,4,71,9,25,Married,Hybrid,Vikas Singh,Yes,No,6
EMP0737,Meera,Singh,Male,59,IT,Software Engineer,Master,18,Surat,Gujarat,28-09-21,Contract,917000,54825,4,54,44,26,Single,Hybrid,Priya Nair,Yes,No,3
EMP0738,Aarav,Patel,Female,26,Production,Production Engineer,Bachelor,5,Chennai,Tamil Nadu,15-06-22,Permanent,483000,58450,1,35,29,8,Single,Remote,Rakesh Kumar,No,No,5
EMP0739,Pooja,Gupta,Female,22,IT,IT Manager,Bachelor,1,Hyderabad,Telangana,07-03-13,Permanent,379000,28426,1,80,27,20,Married,Hybrid,Anil Shah,No,Yes,10
EMP0740,Aisha,Joshi,Male,53,HR,HR Manager,Diploma,8,Pune,Maharashtra,20-02-13,Permanent,599000,29714,2,11,48,11,Married,Hybrid,Anil Shah,No,Yes,6
EMP0741,Rohan,Mehta,Male,54,Quality,Quality Engineer,Bachelor,25,Pune,Maharashtra,25-08-14,Permanent,1140000,138546,3,29,15,1,Single,Office,Sneha Joshi,No,No,4
EMP0742,Vivaan,Patel,Male,35,Finance,Finance Manager,Bachelor,8,Chennai,Tamil Nadu,24-03-24,Permanent,533000,48625,3,63,1,21,Married,Remote,Anil Shah,No,No,2
EMP0743,Ishaan,Reddy,Male,34,Sales,Sales Executive,Bachelor,13,Pune,Maharashtra,17-01-23,Contract,772000,106404,2,50,13,4,Single,Remote,Priya Nair,No,No,5
EMP0744,Meera,Joshi,Female,31,Sales,Sales Manager,Bachelor,10,Bengaluru,Karnataka,22-10-18,Permanent,637000,53634,4,77,41,21,Married,Office,Sneha Joshi,Yes,No,1
EMP0745,Vihaan,Kapoor,Male,33,Marketing,Marketing Manager,Bachelor,12,Mumbai,Maharashtra,13-07-24,Permanent,744000,101798,3,27,32,0,Married,Office,Rakesh Kumar,No,No,4
EMP0746,Priya,Singh,Female,45,Production,Production Supervisor,Master,24,Ahmedabad,Gujarat,10-01-21,Permanent,1168000,75034,2,9,39,3,Single,Office,Priya Nair,No,No,1
EMP0747,Aarav,Verma,Female,45,Finance,Accountant,Bachelor,6,Surat,Gujarat,29-06-19,Permanent,509000,19918,4,2,19,24,Single,Office,Sneha Joshi,Yes,No,5
EMP0748,Ishaan,Sharma,Male,51,Finance,Accountant,Diploma,0,Surat,Gujarat,18-03-20,Contract,326000,36965,3,34,1,22,Married,Office,Rakesh Kumar,No,No,3
EMP0749,Aditya,Mehta,Female,22,HR,HR Manager,MBA,1,Chennai,Tamil Nadu,04-12-13,Intern,361000,49706,1,35,45,9,Married,Office,Deepa Mehta,No,No,1
EMP0750,Diya,Kulkarni,Male,36,Purchase,Purchase Executive,MBA,0,Chennai,Tamil Nadu,15-07-22,Intern,314000,39261,1,36,23,2,Married,Hybrid,Rakesh Kumar,No,No,9
EMP0751,Neha,Das,Female,56,Logistics,Warehouse Manager,Master,9,Hyderabad,Telangana,17-02-19,Permanent,618000,46136,3,37,9,26,Married,Remote,Sneha Joshi,No,No,9
EMP0752,Neha,Mehta,Male,59,Marketing,Marketing Manager,MBA,8,Delhi,Delhi,10-02-20,Contract,619000,30772,1,43,32,29,Single,Remote,Vikas Singh,No,No,3
EMP0753,Arjun,Kulkarni,Male,46,IT,Software Engineer,PhD,25,Jaipur,Rajasthan,10-12-10,Permanent,1200000,36582,5,21,47,7,Married,Hybrid,Vikas Singh,Yes,No,6
EMP0754,Rahul,Iyer,Female,35,Production,Production Engineer,Bachelor,14,Delhi,Delhi,29-06-13,Contract,839000,44131,1,64,51,3,Married,Office,Rakesh Kumar,No,No,5
EMP0755,Rahul,Verma,Male,55,IT,Software Engineer,Diploma,12,Bengaluru,Karnataka,18-09-12,Permanent,759000,29267,3,57,60,3,Married,Hybrid,Anil Shah,No,No,7
EMP0756,Nikhil,Verma,Female,45,Production,Production Supervisor,Bachelor,13,Indore,Madhya Pradesh,24-09-20,Permanent,783000,27425,4,4,31,10,Married,Office,Sneha Joshi,Yes,No,8
EMP0757,Meera,Jain,Male,48,Production,Production Engineer,Bachelor,27,Delhi,Delhi,13-12-11,Permanent,1266000,51964,2,80,59,3,Married,Hybrid,Vikas Singh,No,No,4
EMP0758,Rohan,Patel,Female,40,Logistics,Logistics Executive,Master,19,Pune,Maharashtra,26-03-10,Permanent,993000,132591,1,64,28,2,Single,Hybrid,Sneha Joshi,No,No,10
EMP0759,Meera,Das,Male,37,IT,Data Analyst,Bachelor,16,Delhi,Delhi,31-07-16,Contract,815000,52840,3,54,7,21,Single,Office,Sneha Joshi,No,No,4
EMP0760,Rohan,Singh,Male,45,Finance,Accountant,Bachelor,24,Surat,Gujarat,17-08-17,Contract,1166000,153288,2,56,51,22,Single,Office,Deepa Mehta,No,Yes,3
EMP0761,Nikhil,Reddy,Male,49,Purchase,Procurement Manager,Diploma,23,Jaipur,Rajasthan,24-07-25,Permanent,1126000,48147,4,4,17,13,Married,Office,Deepa Mehta,Yes,No,5
EMP0762,Neha,Nair,Female,53,Sales,Sales Executive,Diploma,8,Pune,Maharashtra,17-10-22,Permanent,556000,46444,5,47,35,8,Married,Office,Vikas Singh,No,No,3
EMP0763,Amit,Sharma,Male,35,Sales,Sales Manager,Diploma,9,Chennai,Tamil Nadu,02-04-10,Permanent,632000,78729,1,67,42,8,Single,Hybrid,Priya Nair,No,No,3
EMP0764,Ananya,Kulkarni,Female,34,Sales,Sales Manager,Bachelor,13,Pune,Maharashtra,13-11-13,Permanent,788000,82932,1,18,42,4,Single,Office,Vikas Singh,No,No,2
EMP0765,Sai,Singh,Female,44,Sales,Sales Manager,Diploma,16,Chennai,Tamil Nadu,18-12-10,Contract,862000,28722,3,50,28,19,Single,Remote,Sneha Joshi,No,No,3
EMP0766,Nikhil,Jain,Female,31,Sales,Sales Manager,Bachelor,10,Pune,Maharashtra,16-09-19,Permanent,655000,24864,1,18,49,20,Single,Hybrid,Sneha Joshi,No,No,5
EMP0767,Priya,Verma,Female,40,Purchase,Procurement Manager,Bachelor,19,Indore,Madhya Pradesh,05-08-25,Permanent,1004000,103035,5,17,30,10,Single,Remote,Vikas Singh,Yes,No,6
EMP0768,Karan,Reddy,Male,37,Marketing,Marketing Manager,Bachelor,16,Surat,Gujarat,08-01-17,Contract,852000,118314,5,24,22,9,Single,Hybrid,Priya Nair,No,No,7
EMP0769,Diya,Reddy,Female,33,Finance,Accountant,Master,12,Hyderabad,Telangana,25-12-25,Permanent,712000,38829,4,74,33,5,Single,Remote,Deepa Mehta,No,No,5
EMP0770,Ananya,Singh,Female,32,Purchase,Purchase Executive,Bachelor,11,Bengaluru,Karnataka,29-09-22,Permanent,680000,32341,5,9,16,3,Married,Remote,Anil Shah,No,No,1
EMP0771,Ishaan,Jain,Female,52,Purchase,Procurement Manager,Bachelor,31,Chennai,Tamil Nadu,20-06-14,Permanent,1391000,146575,4,76,6,15,Married,Hybrid,Rakesh Kumar,Yes,No,3
EMP0772,Vihaan,Joshi,Male,23,IT,Software Engineer,Bachelor,2,Bengaluru,Karnataka,09-11-12,Contract,417000,46874,2,5,57,21,Single,Office,Deepa Mehta,No,Yes,10
EMP0773,Diya,Verma,Female,36,Sales,Sales Manager,MBA,14,Hyderabad,Telangana,21-04-15,Permanent,813000,81377,2,21,51,30,Married,Office,Rakesh Kumar,No,No,1
EMP0774,Aditya,Reddy,Female,52,IT,Senior Developer,MBA,6,Surat,Gujarat,06-06-15,Permanent,482000,66047,2,35,6,0,Single,Remote,Vikas Singh,No,No,10
EMP0775,Rahul,Nair,Male,35,IT,Data Analyst,Master,5,Delhi,Delhi,16-05-13,Permanent,475000,62733,4,2,34,24,Married,Office,Sneha Joshi,No,No,8
EMP0776,Karan,Joshi,Female,22,Purchase,Procurement Manager,MBA,1,Indore,Madhya Pradesh,11-08-14,Permanent,377000,14810,4,21,50,12,Single,Office,Priya Nair,No,No,6
EMP0777,Rahul,Verma,Male,39,Sales,Sales Manager,PhD,18,Indore,Madhya Pradesh,23-06-15,Permanent,888000,74831,1,49,36,11,Married,Hybrid,Deepa Mehta,No,Yes,7
EMP0778,Sneha,Chopra,Female,26,Quality,QA Manager,Bachelor,5,Hyderabad,Telangana,30-10-15,Permanent,447000,25164,5,66,38,16,Single,Office,Anil Shah,No,No,6
EMP0779,Ananya,Sharma,Male,26,Logistics,Warehouse Manager,Diploma,3,Bengaluru,Karnataka,29-02-20,Permanent,374000,49749,3,23,14,13,Married,Office,Anil Shah,No,No,9
EMP0780,Ananya,Kulkarni,Male,60,HR,HR Manager,Bachelor,11,Chennai,Tamil Nadu,07-10-13,Permanent,661000,67631,1,8,49,3,Married,Office,Vikas Singh,No,No,8
EMP0781,Neha,Kapoor,Male,30,Logistics,Logistics Executive,Master,9,Hyderabad,Telangana,08-11-13,Contract,632000,80641,5,64,57,1,Married,Office,Rakesh Kumar,Yes,No,8
EMP0782,Arjun,Singh,Female,57,Marketing,Marketing Executive,Bachelor,29,Pune,Maharashtra,01-01-26,Permanent,1349000,138571,1,8,24,4,Single,Hybrid,Deepa Mehta,No,No,8
EMP0783,Rahul,Iyer,Female,54,Purchase,Procurement Manager,Master,33,Indore,Madhya Pradesh,10-02-26,Contract,1458000,175245,5,52,10,16,Married,Office,Anil Shah,No,No,4
EMP0784,Nikhil,Joshi,Female,28,Quality,QA Manager,Bachelor,7,Mumbai,Maharashtra,20-01-17,Permanent,593000,18932,4,18,28,27,Single,Remote,Rakesh Kumar,No,No,7
EMP0785,Arjun,Patel,Male,49,Marketing,Marketing Manager,Bachelor,28,Delhi,Delhi,02-05-18,Contract,1291000,58934,1,31,60,4,Single,Hybrid,Sneha Joshi,No,No,6
EMP0786,Rahul,Chopra,Female,25,Marketing,Marketing Manager,Diploma,4,Delhi,Delhi,10-07-11,Permanent,415000,27905,5,21,0,3,Single,Remote,Anil Shah,No,No,5
EMP0787,Aarav,Iyer,Male,54,Production,Production Supervisor,Bachelor,1,Indore,Madhya Pradesh,28-04-20,Permanent,328000,21055,1,66,37,3,Married,Hybrid,Anil Shah,No,No,9
EMP0788,Meera,Kapoor,Male,30,Quality,QA Manager,Master,9,Bengaluru,Karnataka,25-03-13,Permanent,591000,24339,4,35,25,7,Single,Office,Rakesh Kumar,Yes,No,3
EMP0789,Amit,Reddy,Male,47,Finance,Finance Manager,Bachelor,26,Surat,Gujarat,05-01-10,Intern,1181000,157145,3,61,50,2,Single,Hybrid,Deepa Mehta,No,No,3
EMP0790,Rohan,Sharma,Male,50,Production,Production Supervisor,PhD,23,Bengaluru,Karnataka,11-12-22,Permanent,1152000,80262,3,67,9,21,Married,Remote,Rakesh Kumar,No,No,4
EMP0791,Aarav,Mehta,Female,38,Production,Production Supervisor,Bachelor,17,Chennai,Tamil Nadu,25-02-11,Intern,884000,111562,3,13,52,4,Single,Office,Sneha Joshi,No,No,4
EMP0792,Arjun,Chopra,Male,55,Logistics,Warehouse Manager,Master,23,Chennai,Tamil Nadu,16-09-22,Permanent,1066000,63000,5,61,60,29,Single,Hybrid,Sneha Joshi,No,No,1
EMP0793,Rahul,Kulkarni,Female,30,Quality,Quality Engineer,Bachelor,9,Hyderabad,Telangana,26-08-12,Permanent,629000,85225,4,50,37,6,Married,Hybrid,Rakesh Kumar,No,No,5
EMP0794,Nikhil,Jain,Male,42,Finance,Finance Manager,Bachelor,20,Pune,Maharashtra,04-04-12,Permanent,1047000,32477,5,54,31,28,Single,Remote,Anil Shah,No,No,1
EMP0795,Rohan,Gupta,Male,29,Marketing,Marketing Manager,Master,8,Pune,Maharashtra,28-11-10,Permanent,571000,39751,1,74,5,1,Single,Office,Sneha Joshi,No,No,7
EMP0796,Vihaan,Verma,Female,60,Logistics,Warehouse Manager,Diploma,4,Delhi,Delhi,06-08-23,Contract,411000,44066,5,12,31,19,Single,Remote,Priya Nair,Yes,No,7
EMP0797,Sai,Kapoor,Female,49,Production,Production Supervisor,Bachelor,28,Chennai,Tamil Nadu,18-05-19,Contract,1261000,158017,3,41,13,7,Married,Office,Anil Shah,No,No,3
EMP0798,Aditya,Patel,Male,30,IT,Senior Developer,Diploma,9,Pune,Maharashtra,03-05-16,Contract,655000,44798,2,61,27,13,Single,Remote,Deepa Mehta,No,No,9
EMP0799,Pooja,Verma,Male,51,HR,HR Executive,Bachelor,23,Hyderabad,Telangana,26-06-11,Permanent,1088000,83501,4,59,42,30,Married,Remote,Rakesh Kumar,No,No,8
EMP0800,Priya,Kapoor,Female,41,Finance,Accountant,PhD,0,Chennai,Tamil Nadu,03-02-12,Permanent,294000,14047,2,30,32,19,Married,Hybrid,Sneha Joshi,No,No,3
EMP0801,Vivaan,Jain,Male,44,Production,Production Supervisor,Diploma,23,Delhi,Delhi,28-03-21,Permanent,1074000,75075,5,35,33,12,Single,Hybrid,Sneha Joshi,No,No,1
EMP0802,Pooja,Iyer,Female,55,Purchase,Procurement Manager,Bachelor,2,Chennai,Tamil Nadu,21-03-23,Permanent,328000,28517,4,59,58,28,Single,Hybrid,Rakesh Kumar,No,No,10
EMP0803,Sneha,Verma,Female,23,Sales,Sales Manager,Bachelor,2,Jaipur,Rajasthan,21-02-15,Permanent,379000,22239,1,55,3,30,Single,Hybrid,Sneha Joshi,No,No,9
EMP0804,Aarav,Iyer,Female,59,HR,HR Executive,Bachelor,31,Jaipur,Rajasthan,13-06-16,Contract,1366000,192709,4,71,46,10,Single,Remote,Deepa Mehta,No,No,1
EMP0805,Amit,Sharma,Female,36,Purchase,Purchase Executive,Diploma,1,Bengaluru,Karnataka,16-10-13,Permanent,373000,22697,2,54,13,23,Single,Hybrid,Priya Nair,No,Yes,5
EMP0806,Meera,Kapoor,Male,25,Finance,Accountant,PhD,4,Pune,Maharashtra,22-01-16,Intern,405000,49324,3,15,32,24,Married,Remote,Sneha Joshi,No,No,2
EMP0807,Nikhil,Verma,Male,43,IT,Senior Developer,Bachelor,22,Surat,Gujarat,26-03-22,Contract,1115000,35889,5,11,4,5,Single,Hybrid,Rakesh Kumar,Yes,No,9
EMP0808,Rohan,Chopra,Female,22,Production,Production Supervisor,Diploma,1,Jaipur,Rajasthan,10-01-19,Permanent,310000,32404,4,75,47,22,Single,Remote,Deepa Mehta,No,No,4
EMP0809,Rohan,Iyer,Female,45,Production,Production Engineer,MBA,23,Mumbai,Maharashtra,28-02-20,Permanent,1130000,82095,3,43,26,23,Single,Hybrid,Anil Shah,No,No,8
EMP0810,Arjun,Kulkarni,Male,59,Logistics,Logistics Executive,Bachelor,35,Delhi,Delhi,01-02-21,Permanent,1547000,181167,3,15,39,25,Single,Remote,Rakesh Kumar,No,No,6
EMP0811,Aisha,Iyer,Female,39,HR,HR Executive,MBA,6,Ahmedabad,Gujarat,10-08-25,Permanent,510000,76456,3,43,54,13,Single,Remote,Anil Shah,No,No,6
EMP0812,Rohan,Verma,Female,47,HR,HR Manager,Bachelor,1,Pune,Maharashtra,30-01-13,Contract,364000,37108,1,46,7,3,Married,Hybrid,Rakesh Kumar,No,No,2
EMP0813,Pooja,Singh,Male,35,HR,HR Manager,MBA,14,Jaipur,Rajasthan,21-02-22,Contract,750000,95542,5,73,55,22,Married,Remote,Sneha Joshi,No,No,2
EMP0814,Vivaan,Verma,Female,26,Production,Production Engineer,Diploma,5,Pune,Maharashtra,13-03-23,Permanent,488000,17130,3,51,34,3,Married,Office,Vikas Singh,No,No,10
EMP0815,Ananya,Sharma,Female,31,Finance,Finance Manager,MBA,6,Delhi,Delhi,25-11-14,Permanent,477000,24005,5,30,26,0,Married,Remote,Sneha Joshi,No,No,4
EMP0816,Meera,Singh,Male,48,Sales,Sales Executive,MBA,24,Bengaluru,Karnataka,21-09-17,Permanent,1167000,92642,5,36,17,7,Single,Remote,Sneha Joshi,Yes,No,10
EMP0817,Aarav,Sharma,Female,58,Sales,Sales Executive,Bachelor,16,Indore,Madhya Pradesh,09-09-12,Intern,843000,38688,1,29,15,23,Single,Remote,Rakesh Kumar,No,Yes,7
EMP0818,Ishaan,Verma,Male,57,HR,HR Executive,MBA,13,Mumbai,Maharashtra,10-04-19,Permanent,732000,61231,2,15,55,11,Married,Hybrid,Deepa Mehta,No,No,9
EMP0819,Diya,Nair,Male,30,Sales,Sales Manager,Bachelor,9,Surat,Gujarat,27-12-20,Permanent,601000,49579,3,0,27,14,Single,Office,Deepa Mehta,No,No,1
EMP0820,Sneha,Iyer,Female,34,Quality,QA Manager,Diploma,7,Bengaluru,Karnataka,21-12-13,Permanent,497000,43134,5,8,37,14,Married,Hybrid,Rakesh Kumar,No,No,8
EMP0821,Diya,Kulkarni,Female,45,Marketing,Marketing Manager,Bachelor,10,Ahmedabad,Gujarat,21-05-10,Contract,685000,60491,2,70,32,20,Single,Office,Vikas Singh,No,No,6
EMP0822,Diya,Kapoor,Male,38,Logistics,Warehouse Manager,Diploma,17,Indore,Madhya Pradesh,27-05-12,Permanent,882000,53142,2,71,54,19,Single,Remote,Anil Shah,No,No,9
EMP0823,Arjun,Patel,Female,56,Quality,Quality Engineer,Bachelor,21,Ahmedabad,Gujarat,07-06-12,Permanent,1079000,131314,3,34,37,6,Married,Remote,Vikas Singh,No,No,10
EMP0824,Pooja,Joshi,Male,45,Purchase,Purchase Executive,Bachelor,12,Hyderabad,Telangana,02-01-18,Permanent,702000,65917,4,29,27,30,Single,Remote,Rakesh Kumar,Yes,No,10
EMP0825,Ananya,Mehta,Male,34,Purchase,Purchase Executive,Diploma,13,Jaipur,Rajasthan,24-11-19,Permanent,734000,87025,2,47,6,1,Married,Office,Anil Shah,No,No,7
EMP0826,Diya,Das,Female,34,IT,Senior Developer,Master,13,Pune,Maharashtra,13-08-15,Contract,775000,92667,2,5,30,22,Married,Remote,Sneha Joshi,No,Yes,1
EMP0827,Ishaan,Jain,Female,42,IT,Senior Developer,MBA,5,Bengaluru,Karnataka,01-01-10,Permanent,471000,66957,4,71,44,5,Single,Remote,Anil Shah,Yes,No,10
EMP0828,Diya,Singh,Male,31,Sales,Sales Executive,Bachelor,2,Surat,Gujarat,08-06-14,Permanent,380000,14194,4,28,39,4,Single,Office,Priya Nair,No,No,4
EMP0829,Aisha,Kulkarni,Female,30,IT,Data Analyst,Bachelor,9,Ahmedabad,Gujarat,27-05-18,Permanent,588000,65934,4,13,5,24,Single,Office,Anil Shah,Yes,No,7
EMP0830,Amit,Singh,Male,38,Logistics,Warehouse Manager,MBA,17,Ahmedabad,Gujarat,01-05-23,Permanent,919000,51345,4,54,11,19,Married,Hybrid,Rakesh Kumar,Yes,No,10
EMP0831,Aarav,Singh,Female,39,Quality,QA Manager,MBA,18,Indore,Madhya Pradesh,02-08-12,Contract,897000,123875,2,68,60,27,Single,Remote,Deepa Mehta,No,No,10
EMP0832,Arjun,Patel,Male,55,Sales,Sales Executive,MBA,8,Jaipur,Rajasthan,12-08-23,Permanent,540000,31849,5,10,21,16,Single,Hybrid,Rakesh Kumar,Yes,No,9
EMP0833,Sai,Patel,Female,52,Sales,Sales Executive,Master,8,Pune,Maharashtra,14-08-21,Permanent,588000,22680,5,10,47,24,Married,Hybrid,Priya Nair,Yes,No,5
EMP0834,Aarav,Patel,Male,22,HR,HR Executive,Bachelor,1,Indore,Madhya Pradesh,27-10-11,Permanent,310000,27185,1,56,50,28,Married,Office,Anil Shah,No,No,10
EMP0835,Arjun,Joshi,Female,45,IT,IT Manager,Master,24,Bengaluru,Karnataka,28-07-13,Permanent,1109000,113164,5,69,30,9,Married,Remote,Rakesh Kumar,No,No,2
EMP0836,Sai,Kulkarni,Female,53,HR,HR Manager,Bachelor,20,Jaipur,Rajasthan,01-10-19,Permanent,956000,97422,1,33,56,7,Married,Hybrid,Priya Nair,No,No,2
EMP0837,Karan,Verma,Male,46,Quality,Quality Engineer,Bachelor,7,Bengaluru,Karnataka,23-06-21,Permanent,537000,39925,1,46,19,26,Single,Remote,Vikas Singh,No,No,1
EMP0838,Vivaan,Das,Female,24,Quality,Quality Engineer,Bachelor,3,Indore,Madhya Pradesh,10-07-22,Permanent,402000,50002,1,79,49,20,Single,Office,Anil Shah,No,Yes,5
EMP0839,Vihaan,Kulkarni,Female,37,Logistics,Logistics Executive,Bachelor,7,Bengaluru,Karnataka,09-06-24,Permanent,557000,50026,2,66,12,12,Single,Remote,Priya Nair,No,No,7
EMP0840,Ananya,Gupta,Male,30,Quality,Quality Engineer,Bachelor,9,Bengaluru,Karnataka,22-02-19,Permanent,568000,33584,4,16,23,23,Married,Office,Anil Shah,Yes,No,5
EMP0841,Sneha,Kulkarni,Male,45,Marketing,Marketing Executive,Bachelor,24,Hyderabad,Telangana,08-07-16,Contract,1096000,57420,2,47,21,17,Single,Hybrid,Deepa Mehta,No,Yes,1
EMP0842,Aditya,Nair,Female,40,Quality,QA Manager,Bachelor,17,Jaipur,Rajasthan,01-05-21,Contract,848000,104002,1,47,15,17,Single,Hybrid,Sneha Joshi,No,No,3
EMP0843,Nikhil,Kulkarni,Male,42,HR,HR Executive,PhD,18,Bengaluru,Karnataka,11-05-15,Permanent,908000,50006,3,24,53,16,Married,Remote,Deepa Mehta,No,No,6
EMP0844,Vihaan,Mehta,Male,30,IT,Software Engineer,Master,5,Delhi,Delhi,20-10-21,Permanent,441000,42038,5,25,15,18,Single,Remote,Rakesh Kumar,No,No,8
EMP0845,Arjun,Mehta,Female,35,HR,HR Executive,Master,14,Pune,Maharashtra,22-09-23,Contract,805000,97411,3,49,6,14,Married,Remote,Anil Shah,No,No,9
EMP0846,Aarav,Chopra,Male,34,HR,HR Executive,Bachelor,1,Chennai,Tamil Nadu,06-07-12,Permanent,363000,33710,1,31,44,12,Married,Hybrid,Priya Nair,No,No,8
EMP0847,Aisha,Kulkarni,Male,47,HR,HR Manager,Bachelor,13,Hyderabad,Telangana,02-01-13,Contract,715000,48153,1,15,55,16,Married,Office,Rakesh Kumar,No,No,4
EMP0848,Rahul,Iyer,Female,42,HR,HR Manager,Bachelor,8,Ahmedabad,Gujarat,02-11-14,Permanent,596000,28457,2,57,17,10,Married,Hybrid,Anil Shah,No,Yes,5
EMP0849,Aisha,Gupta,Female,23,Production,Production Supervisor,Bachelor,1,Chennai,Tamil Nadu,13-08-19,Permanent,382000,13585,1,14,47,4,Married,Office,Anil Shah,No,No,4
EMP0850,Karan,Chopra,Male,44,Quality,Quality Engineer,MBA,23,Mumbai,Maharashtra,31-08-18,Permanent,1115000,43175,2,12,60,5,Single,Hybrid,Anil Shah,No,No,6
EMP0851,Amit,Iyer,Male,48,IT,Data Analyst,Bachelor,27,Jaipur,Rajasthan,12-06-24,Contract,1276000,70567,5,33,18,23,Single,Office,Anil Shah,Yes,No,9
EMP0852,Karan,Nair,Male,42,Marketing,Marketing Manager,MBA,15,Jaipur,Rajasthan,09-11-21,Permanent,781000,43295,3,78,46,3,Single,Office,Sneha Joshi,No,No,6
EMP0853,Aarav,Reddy,Male,53,Production,Production Supervisor,Bachelor,4,Ahmedabad,Gujarat,10-05-10,Permanent,449000,66913,5,21,25,24,Married,Remote,Deepa Mehta,No,No,7
EMP0854,Aisha,Kulkarni,Female,26,Logistics,Logistics Executive,Bachelor,5,Hyderabad,Telangana,29-12-22,Permanent,500000,29892,3,72,6,9,Single,Remote,Vikas Singh,No,No,5
EMP0855,Nikhil,Jain,Male,32,Sales,Sales Executive,MBA,6,Surat,Gujarat,08-08-16,Contract,516000,40509,5,7,26,19,Single,Remote,Deepa Mehta,Yes,No,7
EMP0856,Vihaan,Nair,Female,22,Purchase,Purchase Executive,Bachelor,1,Surat,Gujarat,30-08-21,Permanent,328000,36217,5,46,41,7,Single,Remote,Anil Shah,No,No,9
EMP0857,Aisha,Kulkarni,Male,43,Quality,Quality Engineer,MBA,7,Indore,Madhya Pradesh,07-09-23,Permanent,499000,47859,2,51,37,24,Married,Remote,Deepa Mehta,No,No,7
EMP0858,Diya,Sharma,Female,57,Quality,QA Manager,Master,22,Surat,Gujarat,03-05-10,Permanent,1076000,44966,2,24,51,16,Married,Remote,Priya Nair,No,No,2
EMP0859,Ishaan,Jain,Female,46,Logistics,Logistics Executive,Bachelor,9,Bengaluru,Karnataka,01-06-21,Permanent,570000,75557,2,61,48,7,Single,Office,Sneha Joshi,No,No,9
EMP0860,Nikhil,Mehta,Female,25,HR,HR Manager,Bachelor,4,Pune,Maharashtra,28-10-11,Permanent,470000,32985,1,6,60,2,Married,Remote,Anil Shah,No,Yes,5
EMP0861,Aisha,Das,Male,41,HR,HR Manager,Master,20,Jaipur,Rajasthan,24-05-14,Contract,1008000,107905,2,6,46,11,Single,Remote,Sneha Joshi,No,No,1
EMP0862,Sneha,Nair,Female,46,Finance,Finance Manager,MBA,3,Ahmedabad,Gujarat,14-04-26,Permanent,409000,45222,5,17,22,0,Single,Remote,Deepa Mehta,No,No,8
EMP0863,Rohan,Chopra,Female,24,Finance,Finance Analyst,Diploma,3,Jaipur,Rajasthan,17-02-25,Permanent,364000,53303,2,25,29,7,Single,Office,Priya Nair,No,No,6
EMP0864,Sai,Singh,Female,46,IT,Software Engineer,Bachelor,25,Surat,Gujarat,07-09-13,Permanent,1135000,116169,1,48,7,7,Married,Office,Rakesh Kumar,No,No,6
EMP0865,Sneha,Nair,Female,45,IT,Senior Developer,Bachelor,12,Jaipur,Rajasthan,27-08-16,Permanent,748000,26855,2,74,20,1,Single,Hybrid,Anil Shah,No,No,1
EMP0866,Amit,Verma,Female,24,Sales,Sales Executive,Master,3,Pune,Maharashtra,08-12-18,Permanent,369000,52148,4,63,42,16,Single,Office,Anil Shah,No,No,2
EMP0867,Sai,Das,Male,52,Logistics,Logistics Executive,Master,11,Bengaluru,Karnataka,26-08-21,Contract,690000,34910,5,43,47,26,Married,Remote,Rakesh Kumar,No,No,8
EMP0868,Amit,Kulkarni,Male,55,Sales,Sales Executive,Bachelor,7,Hyderabad,Telangana,28-02-19,Permanent,525000,51813,4,2,31,25,Married,Hybrid,Sneha Joshi,No,No,2
EMP0869,Rohan,Kapoor,Male,46,Purchase,Procurement Manager,Bachelor,15,Ahmedabad,Gujarat,07-05-10,Permanent,775000,58229,2,10,42,26,Single,Office,Priya Nair,No,Yes,6
EMP0870,Sai,Sharma,Female,44,HR,HR Manager,MBA,21,Bengaluru,Karnataka,31-01-19,Permanent,1081000,41882,2,9,36,4,Married,Remote,Vikas Singh,No,No,8
EMP0871,Vivaan,Iyer,Female,36,Quality,QA Manager,Master,15,Mumbai,Maharashtra,21-07-13,Permanent,780000,103042,1,77,44,23,Single,Remote,Deepa Mehta,No,No,7
EMP0872,Nikhil,Kapoor,Female,53,Marketing,Marketing Manager,MBA,8,Hyderabad,Telangana,04-09-23,Permanent,613000,23246,1,36,22,14,Married,Office,Anil Shah,No,No,8
EMP0873,Neha,Chopra,Male,36,Logistics,Warehouse Manager,Bachelor,15,Surat,Gujarat,04-02-22,Contract,861000,45126,5,57,17,12,Single,Remote,Sneha Joshi,Yes,No,8
EMP0874,Nikhil,Iyer,Female,45,Logistics,Warehouse Manager,Bachelor,9,Ahmedabad,Gujarat,26-11-12,Permanent,641000,34318,1,68,20,21,Single,Hybrid,Priya Nair,No,No,4
EMP0875,Vivaan,Kapoor,Female,22,Production,Production Supervisor,Master,1,Hyderabad,Telangana,18-05-25,Permanent,290000,9766,1,21,17,28,Single,Remote,Priya Nair,No,No,6
EMP0876,Diya,Gupta,Female,50,Quality,Quality Engineer,Bachelor,12,Indore,Madhya Pradesh,06-08-16,Permanent,702000,74464,2,68,47,18,Married,Hybrid,Rakesh Kumar,No,No,4
EMP0877,Meera,Chopra,Male,42,Quality,QA Manager,Diploma,10,Hyderabad,Telangana,09-03-14,Permanent,644000,75149,4,22,58,30,Married,Hybrid,Rakesh Kumar,Yes,No,10
EMP0878,Rahul,Reddy,Male,35,Production,Production Supervisor,Diploma,14,Jaipur,Rajasthan,20-05-12,Permanent,791000,58777,1,62,33,8,Married,Remote,Priya Nair,No,No,10
EMP0879,Rohan,Jain,Female,37,Sales,Sales Executive,Bachelor,0,Indore,Madhya Pradesh,09-09-12,Contract,317000,40867,1,14,58,15,Married,Office,Deepa Mehta,No,Yes,9
EMP0880,Priya,Reddy,Male,38,HR,HR Manager,Bachelor,5,Bengaluru,Karnataka,24-12-11,Permanent,484000,20765,3,25,6,6,Single,Hybrid,Rakesh Kumar,No,No,10
EMP0881,Amit,Nair,Male,36,Quality,QA Manager,Diploma,15,Indore,Madhya Pradesh,18-12-15,Intern,795000,90356,1,36,60,24,Single,Office,Sneha Joshi,No,No,3
EMP0882,Rahul,Reddy,Male,58,Logistics,Logistics Executive,Master,30,Ahmedabad,Gujarat,20-09-20,Permanent,1347000,61387,5,67,35,27,Married,Hybrid,Priya Nair,Yes,No,3
EMP0883,Meera,Jain,Female,47,HR,HR Manager,Master,20,Delhi,Delhi,01-02-22,Permanent,989000,132042,2,63,45,10,Married,Remote,Vikas Singh,No,No,5
EMP0884,Priya,Kapoor,Female,44,Production,Production Engineer,Bachelor,18,Bengaluru,Karnataka,13-10-23,Contract,891000,113594,4,42,1,4,Single,Office,Priya Nair,Yes,No,5
EMP0885,Ananya,Reddy,Male,25,Sales,Sales Executive,Master,4,Hyderabad,Telangana,22-07-11,Permanent,432000,30582,1,66,13,20,Married,Remote,Priya Nair,No,No,2
EMP0886,Aisha,Verma,Female,45,Purchase,Procurement Manager,PhD,9,Surat,Gujarat,28-06-19,Permanent,649000,80904,3,52,9,23,Single,Office,Vikas Singh,No,No,6
EMP0887,Sai,Chopra,Female,39,Sales,Sales Executive,MBA,4,Ahmedabad,Gujarat,14-11-25,Permanent,404000,47852,2,8,8,6,Single,Remote,Vikas Singh,No,Yes,5
EMP0888,Aditya,Patel,Female,21,IT,Senior Developer,Bachelor,0,Delhi,Delhi,04-08-13,Permanent,322000,27558,1,68,10,24,Married,Hybrid,Deepa Mehta,No,No,2
EMP0889,Sneha,Gupta,Male,43,Purchase,Procurement Manager,Bachelor,22,Hyderabad,Telangana,10-08-22,Permanent,1083000,50121,2,73,60,1,Married,Office,Deepa Mehta,No,No,9
EMP0890,Sneha,Mehta,Male,27,Quality,Quality Engineer,Master,3,Pune,Maharashtra,23-06-24,Permanent,363000,30804,2,25,28,25,Single,Remote,Anil Shah,No,No,3
EMP0891,Priya,Gupta,Male,30,Sales,Sales Executive,PhD,9,Chennai,Tamil Nadu,02-05-17,Permanent,642000,25066,3,30,35,17,Single,Office,Priya Nair,No,No,3
EMP0892,Neha,Kapoor,Male,57,Logistics,Warehouse Manager,Bachelor,13,Bengaluru,Karnataka,26-12-15,Permanent,769000,89953,4,63,14,5,Married,Hybrid,Vikas Singh,Yes,No,1
EMP0893,Priya,Verma,Female,57,Purchase,Purchase Executive,MBA,7,Indore,Madhya Pradesh,22-01-23,Permanent,519000,51135,4,8,10,1,Married,Office,Sneha Joshi,No,No,10
EMP0894,Karan,Chopra,Female,28,Sales,Sales Manager,Diploma,7,Jaipur,Rajasthan,22-08-21,Permanent,515000,17185,1,17,50,11,Married,Remote,Vikas Singh,No,No,1
EMP0895,Ishaan,Gupta,Male,23,Marketing,Marketing Manager,Master,2,Delhi,Delhi,19-08-21,Permanent,395000,32629,2,47,42,16,Married,Office,Sneha Joshi,No,Yes,9
EMP0896,Vivaan,Jain,Male,33,HR,HR Manager,Bachelor,12,Chennai,Tamil Nadu,23-06-24,Permanent,745000,98804,5,41,7,14,Single,Hybrid,Rakesh Kumar,No,No,3
EMP0897,Pooja,Chopra,Male,22,Finance,Finance Manager,MBA,1,Hyderabad,Telangana,22-11-24,Permanent,325000,17505,3,65,12,1,Single,Office,Sneha Joshi,No,No,10
EMP0898,Rohan,Sharma,Male,58,Purchase,Purchase Executive,Diploma,5,Mumbai,Maharashtra,15-03-24,Permanent,445000,19521,2,15,55,21,Married,Hybrid,Anil Shah,No,No,3
EMP0899,Vihaan,Reddy,Male,28,IT,Data Analyst,Diploma,7,Ahmedabad,Gujarat,09-12-10,Permanent,590000,19960,2,43,42,23,Married,Office,Deepa Mehta,No,Yes,10
EMP0900,Ishaan,Patel,Female,57,Sales,Sales Manager,Bachelor,27,Jaipur,Rajasthan,20-04-10,Permanent,1255000,135634,3,66,6,4,Married,Office,Anil Shah,No,No,2
EMP0901,Aisha,Patel,Female,54,Finance,Accountant,Bachelor,21,Hyderabad,Telangana,07-01-13,Permanent,1023000,76796,1,75,12,22,Married,Hybrid,Deepa Mehta,No,No,2
EMP0902,Aarav,Jain,Male,57,Production,Production Supervisor,MBA,8,Pune,Maharashtra,18-02-15,Intern,546000,25676,2,54,59,11,Married,Remote,Rakesh Kumar,No,No,5
EMP0903,Ishaan,Kulkarni,Male,37,IT,Software Engineer,Diploma,9,Delhi,Delhi,17-03-11,Permanent,612000,63471,4,29,35,15,Married,Office,Anil Shah,Yes,No,10
EMP0904,Sneha,Kapoor,Male,48,Quality,QA Manager,Bachelor,1,Ahmedabad,Gujarat,24-04-16,Permanent,299000,21255,3,20,52,28,Single,Office,Anil Shah,No,No,5
EMP0905,Ananya,Patel,Male,22,Production,Production Supervisor,Bachelor,1,Delhi,Delhi,08-04-18,Permanent,325000,34043,3,56,37,21,Married,Hybrid,Sneha Joshi,No,No,5
EMP0906,Sai,Singh,Female,51,IT,IT Manager,Bachelor,8,Mumbai,Maharashtra,24-06-12,Permanent,538000,65797,5,15,2,6,Single,Remote,Rakesh Kumar,No,No,9
EMP0907,Vihaan,Nair,Female,38,IT,Senior Developer,Bachelor,17,Mumbai,Maharashtra,18-03-22,Permanent,858000,109378,3,57,6,4,Single,Remote,Priya Nair,No,No,2
EMP0908,Vivaan,Nair,Male,33,Logistics,Warehouse Manager,Bachelor,2,Surat,Gujarat,18-03-11,Permanent,350000,24450,1,36,23,16,Married,Hybrid,Rakesh Kumar,No,No,7
EMP0909,Vihaan,Kapoor,Male,22,HR,HR Executive,Bachelor,1,Jaipur,Rajasthan,03-03-25,Permanent,341000,39013,5,32,31,0,Single,Office,Anil Shah,No,No,9
EMP0910,Priya,Singh,Male,59,Quality,QA Manager,MBA,10,Chennai,Tamil Nadu,30-10-18,Permanent,620000,24473,5,8,33,7,Single,Remote,Anil Shah,No,No,1
EMP0911,Vivaan,Verma,Female,47,Quality,QA Manager,PhD,6,Indore,Madhya Pradesh,24-07-10,Contract,475000,17133,5,62,42,14,Single,Hybrid,Vikas Singh,Yes,No,5
EMP0912,Ananya,Iyer,Male,57,Marketing,Marketing Manager,Bachelor,0,Pune,Maharashtra,07-02-17,Contract,256000,15530,5,64,2,25,Married,Remote,Sneha Joshi,No,No,10
EMP0913,Rahul,Jain,Female,35,IT,Data Analyst,Bachelor,12,Pune,Maharashtra,20-04-19,Permanent,743000,89152,1,52,58,12,Single,Office,Anil Shah,No,Yes,5
EMP0914,Rohan,Nair,Female,36,Sales,Sales Manager,Bachelor,11,Surat,Gujarat,14-06-25,Intern,723000,72963,3,74,36,29,Single,Remote,Anil Shah,No,No,8
EMP0915,Aditya,Kapoor,Female,31,Quality,Quality Engineer,Bachelor,8,Mumbai,Maharashtra,25-07-21,Permanent,601000,78917,1,11,26,1,Single,Remote,Deepa Mehta,No,No,1
EMP0916,Diya,Sharma,Male,36,Production,Production Supervisor,MBA,15,Pune,Maharashtra,16-11-11,Intern,778000,91582,5,64,40,18,Married,Remote,Vikas Singh,No,No,2
EMP0917,Rahul,Chopra,Female,40,Logistics,Logistics Executive,Master,8,Delhi,Delhi,26-12-17,Permanent,627000,88565,5,56,32,11,Married,Office,Anil Shah,No,No,1
EMP0918,Diya,Iyer,Male,47,Purchase,Procurement Manager,Master,20,Ahmedabad,Gujarat,28-03-14,Permanent,961000,63375,4,11,48,20,Single,Office,Deepa Mehta,No,No,8
EMP0919,Pooja,Verma,Male,59,Quality,Quality Engineer,Bachelor,35,Chennai,Tamil Nadu,23-12-22,Contract,1563000,221361,4,6,17,1,Married,Office,Anil Shah,No,No,5
EMP0920,Pooja,Mehta,Male,43,Quality,QA Manager,MBA,2,Surat,Gujarat,21-12-13,Permanent,408000,55999,5,71,14,10,Married,Hybrid,Sneha Joshi,No,No,2
EMP0921,Pooja,Jain,Female,32,Marketing,Marketing Manager,Master,2,Bengaluru,Karnataka,05-09-23,Permanent,392000,23457,3,78,27,0,Married,Hybrid,Priya Nair,No,No,9
EMP0922,Arjun,Sharma,Female,21,Finance,Finance Analyst,Diploma,0,Ahmedabad,Gujarat,02-08-13,Intern,297000,29581,2,80,26,8,Single,Office,Rakesh Kumar,No,No,10
EMP0923,Diya,Iyer,Female,55,Logistics,Logistics Executive,MBA,14,Ahmedabad,Gujarat,19-10-15,Permanent,760000,113142,5,56,38,18,Single,Hybrid,Anil Shah,Yes,No,2
EMP0924,Aisha,Sharma,Male,28,Sales,Sales Executive,PhD,7,Surat,Gujarat,12-01-26,Permanent,525000,29191,4,0,21,5,Single,Office,Vikas Singh,No,No,6
EMP0925,Karan,Sharma,Female,42,HR,HR Manager,MBA,10,Bengaluru,Karnataka,10-10-16,Permanent,634000,28497,1,54,20,20,Single,Office,Anil Shah,No,No,5
EMP0926,Pooja,Mehta,Female,25,Purchase,Purchase Executive,Master,4,Ahmedabad,Gujarat,14-09-25,Permanent,461000,45541,5,80,2,17,Single,Hybrid,Rakesh Kumar,Yes,No,9
EMP0927,Vihaan,Verma,Male,49,Marketing,Marketing Executive,Master,26,Hyderabad,Telangana,18-12-23,Permanent,1212000,127491,3,69,27,19,Single,Remote,Sneha Joshi,No,No,10
EMP0928,Nikhil,Iyer,Female,40,Logistics,Warehouse Manager,Master,19,Pune,Maharashtra,05-05-17,Permanent,949000,139947,1,14,7,19,Single,Remote,Anil Shah,No,No,3
EMP0929,Rohan,Joshi,Male,45,HR,HR Executive,Diploma,22,Pune,Maharashtra,23-06-19,Permanent,1028000,58851,5,68,48,24,Married,Office,Sneha Joshi,Yes,No,4
EMP0930,Arjun,Sharma,Female,41,Production,Production Supervisor,Bachelor,3,Mumbai,Maharashtra,22-07-10,Permanent,440000,43423,2,38,33,18,Married,Office,Sneha Joshi,No,Yes,7
EMP0931,Diya,Jain,Female,48,Purchase,Purchase Executive,Bachelor,26,Chennai,Tamil Nadu,18-11-15,Permanent,1201000,81391,3,62,48,14,Married,Remote,Vikas Singh,No,No,1
EMP0932,Sneha,Jain,Female,41,Sales,Sales Executive,Bachelor,12,Surat,Gujarat,16-04-18,Permanent,723000,97682,2,23,49,13,Married,Remote,Sneha Joshi,No,No,2
EMP0933,Priya,Reddy,Female,35,HR,HR Manager,Bachelor,0,Ahmedabad,Gujarat,28-08-12,Permanent,289000,14949,4,54,56,15,Married,Hybrid,Rakesh Kumar,No,No,7
EMP0934,Priya,Reddy,Male,45,HR,HR Executive,Bachelor,6,Pune,Maharashtra,27-01-12,Permanent,526000,67241,3,68,51,16,Married,Office,Vikas Singh,No,No,1
EMP0935,Aarav,Sharma,Female,58,Logistics,Warehouse Manager,Master,25,Jaipur,Rajasthan,13-11-12,Permanent,1135000,57598,5,45,28,29,Single,Hybrid,Priya Nair,Yes,No,7
EMP0936,Sai,Das,Female,25,Finance,Accountant,Diploma,4,Jaipur,Rajasthan,21-08-15,Permanent,490000,66708,3,29,27,11,Married,Remote,Sneha Joshi,No,No,1
EMP0937,Meera,Joshi,Male,44,Marketing,Marketing Executive,Bachelor,23,Pune,Maharashtra,24-01-25,Permanent,1153000,66767,3,32,23,25,Married,Office,Deepa Mehta,No,No,1
EMP0938,Amit,Verma,Female,44,Marketing,Marketing Manager,Master,23,Surat,Gujarat,21-09-11,Permanent,1080000,52380,4,36,49,17,Married,Remote,Sneha Joshi,No,No,2
EMP0939,Sneha,Chopra,Female,34,Sales,Sales Executive,Bachelor,13,Mumbai,Maharashtra,19-04-14,Contract,778000,73651,2,9,57,15,Married,Remote,Anil Shah,No,Yes,9
EMP0940,Aditya,Reddy,Female,36,HR,HR Manager,Master,15,Surat,Gujarat,29-09-10,Permanent,805000,55545,5,64,53,4,Married,Remote,Rakesh Kumar,No,No,6
EMP0941,Aisha,Patel,Male,27,Logistics,Warehouse Manager,Bachelor,4,Jaipur,Rajasthan,05-06-16,Permanent,399000,52312,3,22,17,8,Married,Remote,Priya Nair,No,No,6
EMP0942,Diya,Mehta,Male,55,Sales,Sales Manager,Master,34,Delhi,Delhi,09-07-23,Permanent,1499000,171709,5,13,0,20,Married,Office,Rakesh Kumar,No,No,2
EMP0943,Meera,Nair,Female,55,Quality,Quality Engineer,MBA,27,Indore,Madhya Pradesh,15-05-11,Permanent,1236000,108458,2,61,6,8,Married,Remote,Rakesh Kumar,No,Yes,7
EMP0944,Vivaan,Jain,Male,59,Logistics,Warehouse Manager,Bachelor,24,Ahmedabad,Gujarat,27-07-14,Contract,1175000,67170,4,20,33,7,Single,Remote,Anil Shah,No,No,3
EMP0945,Meera,Nair,Male,46,Finance,Accountant,Bachelor,13,Jaipur,Rajasthan,09-02-11,Permanent,778000,109616,2,18,7,1,Single,Office,Anil Shah,No,Yes,3
EMP0946,Aarav,Sharma,Female,50,Quality,Quality Engineer,Diploma,24,Mumbai,Maharashtra,23-05-21,Contract,1168000,129154,5,61,45,12,Single,Office,Rakesh Kumar,No,No,5
EMP0947,Neha,Mehta,Male,39,HR,HR Manager,MBA,15,Surat,Gujarat,19-05-24,Contract,852000,77737,1,61,17,13,Single,Office,Vikas Singh,No,No,7
EMP0948,Priya,Kulkarni,Male,23,HR,HR Executive,Bachelor,2,Chennai,Tamil Nadu,03-02-14,Permanent,357000,51128,5,48,28,26,Single,Hybrid,Deepa Mehta,No,No,1
EMP0949,Vivaan,Mehta,Female,45,Quality,Quality Engineer,Diploma,17,Chennai,Tamil Nadu,27-04-18,Permanent,856000,98504,2,36,0,25,Married,Remote,Vikas Singh,No,No,7
EMP0950,Pooja,Verma,Female,23,Logistics,Warehouse Manager,Master,0,Surat,Gujarat,23-08-19,Permanent,277000,18089,2,48,34,23,Married,Office,Anil Shah,No,No,8
EMP0951,Karan,Singh,Female,56,Logistics,Logistics Executive,Bachelor,33,Delhi,Delhi,12-10-23,Permanent,1409000,104998,5,54,11,11,Married,Office,Anil Shah,No,No,7
EMP0952,Nikhil,Singh,Male,22,IT,Data Analyst,MBA,1,Hyderabad,Telangana,12-03-20,Contract,368000,34090,5,23,24,0,Married,Office,Anil Shah,No,No,9
EMP0953,Pooja,Joshi,Male,25,Purchase,Procurement Manager,Bachelor,4,Pune,Maharashtra,30-04-20,Permanent,428000,49104,2,62,18,12,Single,Office,Rakesh Kumar,No,Yes,9
EMP0954,Diya,Sharma,Female,29,Quality,Quality Engineer,Bachelor,8,Indore,Madhya Pradesh,16-09-20,Permanent,607000,23633,1,33,46,23,Married,Hybrid,Vikas Singh,No,No,2
EMP0955,Neha,Das,Female,44,Purchase,Procurement Manager,Bachelor,2,Jaipur,Rajasthan,01-11-12,Permanent,396000,18606,3,63,53,0,Single,Remote,Anil Shah,No,No,1
EMP0956,Rahul,Singh,Female,47,Marketing,Marketing Manager,Bachelor,3,Ahmedabad,Gujarat,31-03-16,Contract,417000,62144,5,20,58,17,Married,Remote,Anil Shah,No,No,5
EMP0957,Vivaan,Sharma,Female,54,Logistics,Logistics Executive,Master,11,Delhi,Delhi,24-05-15,Permanent,690000,26702,5,47,0,15,Single,Office,Deepa Mehta,No,No,9
EMP0958,Vivaan,Sharma,Male,57,Production,Production Engineer,MBA,0,Pune,Maharashtra,25-09-24,Permanent,274000,22273,1,46,14,30,Married,Office,Rakesh Kumar,No,No,3
EMP0959,Vivaan,Patel,Female,25,Quality,Quality Engineer,Diploma,4,Delhi,Delhi,02-10-15,Contract,476000,19228,5,73,50,9,Married,Remote,Vikas Singh,Yes,No,3
EMP0960,Karan,Nair,Female,58,Logistics,Warehouse Manager,Bachelor,13,Indore,Madhya Pradesh,08-10-15,Permanent,767000,93512,4,11,39,25,Single,Hybrid,Vikas Singh,Yes,No,5
EMP0961,Aditya,Singh,Male,23,Marketing,Marketing Executive,Bachelor,2,Jaipur,Rajasthan,22-11-24,Permanent,349000,39141,1,59,57,9,Single,Remote,Vikas Singh,No,No,5
EMP0962,Ananya,Joshi,Male,47,Logistics,Warehouse Manager,MBA,3,Jaipur,Rajasthan,07-10-19,Permanent,411000,34416,5,70,14,22,Married,Hybrid,Vikas Singh,No,No,9
EMP0963,Ishaan,Iyer,Female,32,Production,Production Supervisor,MBA,11,Bengaluru,Karnataka,08-02-19,Contract,706000,25199,3,6,28,26,Married,Hybrid,Sneha Joshi,No,No,1
EMP0964,Neha,Nair,Female,43,IT,Data Analyst,Bachelor,22,Indore,Madhya Pradesh,06-02-14,Permanent,1021000,103415,5,42,57,24,Married,Office,Deepa Mehta,Yes,No,5
EMP0965,Aarav,Das,Male,35,IT,Software Engineer,Bachelor,5,Jaipur,Rajasthan,13-09-18,Permanent,515000,16630,3,37,45,30,Married,Remote,Anil Shah,No,No,7
EMP0966,Sai,Gupta,Male,46,Production,Production Supervisor,MBA,14,Bengaluru,Karnataka,02-09-25,Contract,829000,42491,1,10,42,4,Single,Hybrid,Priya Nair,No,No,10
EMP0967,Vivaan,Patel,Male,47,HR,HR Manager,Diploma,5,Surat,Gujarat,19-02-26,Contract,470000,68617,5,33,28,20,Married,Office,Sneha Joshi,Yes,No,1
EMP0968,Vihaan,Jain,Female,33,Finance,Finance Manager,Bachelor,12,Hyderabad,Telangana,20-11-25,Permanent,758000,56046,1,29,42,24,Single,Office,Priya Nair,No,Yes,7
EMP0969,Nikhil,Singh,Female,21,Sales,Sales Executive,Bachelor,0,Ahmedabad,Gujarat,15-09-10,Contract,306000,10855,5,36,4,2,Married,Remote,Anil Shah,No,No,10
EMP0970,Ananya,Das,Female,60,Finance,Finance Analyst,Bachelor,34,Surat,Gujarat,21-05-18,Permanent,1485000,70658,3,49,4,1,Single,Hybrid,Vikas Singh,No,No,8
EMP0971,Pooja,Patel,Male,46,Quality,Quality Engineer,Diploma,25,Chennai,Tamil Nadu,31-01-26,Permanent,1159000,40902,2,61,32,8,Single,Remote,Deepa Mehta,No,No,4
EMP0972,Ishaan,Reddy,Female,40,Production,Production Engineer,Diploma,14,Delhi,Delhi,13-04-20,Permanent,761000,53347,1,27,10,20,Married,Office,Sneha Joshi,No,Yes,4
EMP0973,Priya,Verma,Male,46,Finance,Accountant,Bachelor,18,Bengaluru,Karnataka,14-02-14,Permanent,962000,50421,5,19,14,25,Single,Hybrid,Anil Shah,Yes,No,2
EMP0974,Aarav,Kapoor,Male,57,HR,HR Executive,Bachelor,26,Mumbai,Maharashtra,16-04-24,Contract,1231000,119031,4,65,16,7,Single,Office,Anil Shah,No,No,2
EMP0975,Rahul,Mehta,Female,35,Finance,Finance Analyst,MBA,0,Hyderabad,Telangana,28-03-20,Permanent,324000,31356,5,57,20,27,Single,Office,Vikas Singh,No,No,3
EMP0976,Pooja,Jain,Female,40,Finance,Accountant,Bachelor,19,Surat,Gujarat,27-05-19,Permanent,938000,117889,2,58,23,11,Single,Office,Anil Shah,No,No,8
EMP0977,Nikhil,Gupta,Male,49,IT,IT Manager,MBA,5,Surat,Gujarat,03-01-26,Contract,426000,22029,4,21,6,20,Single,Office,Anil Shah,Yes,No,9
EMP0978,Karan,Reddy,Female,21,Production,Production Supervisor,Diploma,0,Pune,Maharashtra,14-04-21,Permanent,320000,23863,5,70,5,23,Married,Remote,Deepa Mehta,No,No,8
EMP0979,Rohan,Gupta,Male,45,Logistics,Logistics Executive,Master,24,Hyderabad,Telangana,21-04-15,Permanent,1182000,121113,2,8,35,12,Single,Remote,Rakesh Kumar,No,No,8
EMP0980,Karan,Verma,Female,40,HR,HR Executive,Bachelor,6,Delhi,Delhi,24-08-13,Permanent,483000,46438,5,37,34,4,Single,Office,Anil Shah,No,No,3
EMP0981,Diya,Sharma,Female,38,Purchase,Purchase Executive,Master,17,Jaipur,Rajasthan,17-06-12,Permanent,892000,88551,2,1,43,4,Single,Office,Anil Shah,No,Yes,4
EMP0982,Diya,Chopra,Male,35,Finance,Finance Manager,Bachelor,8,Hyderabad,Telangana,07-11-12,Permanent,544000,32229,2,5,57,24,Single,Remote,Anil Shah,No,Yes,6
EMP0983,Amit,Verma,Female,33,HR,HR Manager,Master,3,Indore,Madhya Pradesh,06-03-15,Contract,413000,35035,3,50,57,18,Single,Remote,Rakesh Kumar,No,No,9
EMP0984,Arjun,Jain,Male,22,Finance,Finance Analyst,Master,1,Pune,Maharashtra,14-07-20,Permanent,365000,12740,2,74,47,30,Single,Office,Priya Nair,No,No,1
EMP0985,Ananya,Kulkarni,Female,25,Quality,Quality Engineer,Bachelor,4,Pune,Maharashtra,22-07-14,Contract,445000,39348,5,7,23,12,Married,Hybrid,Sneha Joshi,No,No,7
EMP0986,Vivaan,Mehta,Male,46,Finance,Finance Manager,Bachelor,5,Chennai,Tamil Nadu,13-02-18,Permanent,465000,46382,3,38,41,1,Married,Hybrid,Rakesh Kumar,No,No,7
EMP0987,Aisha,Reddy,Male,35,Quality,Quality Engineer,Bachelor,14,Indore,Madhya Pradesh,15-06-18,Permanent,765000,34836,2,49,8,13,Single,Office,Priya Nair,No,No,3
EMP0988,Ishaan,Jain,Female,29,Production,Production Supervisor,Bachelor,8,Ahmedabad,Gujarat,10-04-12,Permanent,597000,63490,1,68,47,15,Single,Remote,Rakesh Kumar,No,No,7
EMP0989,Ananya,Kapoor,Female,26,Quality,Quality Engineer,Bachelor,5,Hyderabad,Telangana,16-05-15,Contract,519000,75713,3,58,11,28,Married,Remote,Priya Nair,No,No,1
EMP0990,Meera,Singh,Male,36,Marketing,Marketing Executive,MBA,12,Surat,Gujarat,28-09-11,Permanent,718000,94633,5,63,25,0,Married,Remote,Deepa Mehta,Yes,No,8
EMP0991,Rahul,Chopra,Female,52,Production,Production Supervisor,Bachelor,29,Bengaluru,Karnataka,10-03-26,Contract,1348000,94711,2,46,15,13,Married,Remote,Sneha Joshi,No,No,5
EMP0992,Rahul,Chopra,Female,25,Quality,QA Manager,Diploma,4,Ahmedabad,Gujarat,12-09-17,Permanent,393000,37044,1,73,21,29,Married,Remote,Rakesh Kumar,No,Yes,6
EMP0993,Rahul,Reddy,Male,41,Production,Production Supervisor,Bachelor,20,Delhi,Delhi,28-01-14,Permanent,981000,31025,3,17,15,11,Single,Hybrid,Sneha Joshi,No,No,3
EMP0994,Vihaan,Chopra,Female,24,Marketing,Marketing Executive,Bachelor,3,Ahmedabad,Gujarat,27-04-19,Contract,394000,48545,3,27,45,25,Single,Hybrid,Sneha Joshi,No,No,10
EMP0995,Ananya,Das,Female,35,IT,Software Engineer,Bachelor,1,Pune,Maharashtra,12-02-21,Contract,332000,46603,2,15,5,11,Married,Office,Priya Nair,No,No,9
EMP0996,Priya,Gupta,Male,44,Marketing,Marketing Manager,MBA,11,Jaipur,Rajasthan,01-05-20,Permanent,724000,78234,4,6,7,15,Single,Remote,Deepa Mehta,No,No,1
EMP0997,Karan,Mehta,Female,30,Sales,Sales Manager,Bachelor,9,Indore,Madhya Pradesh,24-08-19,Permanent,607000,47837,2,59,0,3,Married,Office,Deepa Mehta,No,No,1
EMP0998,Neha,Kulkarni,Male,49,Logistics,Logistics Executive,MBA,4,Hyderabad,Telangana,20-04-17,Permanent,476000,70491,1,3,58,4,Married,Remote,Anil Shah,No,Yes,3
EMP0999,Aisha,Gupta,Female,50,Sales,Sales Manager,Diploma,7,Bengaluru,Karnataka,01-02-15,Intern,586000,73257,2,50,33,25,Single,Hybrid,Rakesh Kumar,No,No,1
EMP1000,Vihaan,Singh,Female,60,Production,Production Engineer,Bachelor,22,Chennai,Tamil Nadu,12-12-13,Contract,1024000,104563,2,73,46,20,Married,Office,Vikas Singh,No,No,6